excessret,high52,mom12m,mom6m,maxret,mom12moffseason,realizedvol,idiovolaht,zerotrade,indretbig,returnskew
-0.051002,0.76358145,-0.14239395,0.17163476,-0.0175219066441059,-0.0077512171119452,-0.0107422543588828,-0.0144075672471267,2.1667041e-08,-0.0054546680636602,-0.288198599542603
0.073005,0.89051098,-0.050934341,0.043362122,-0.033333346247673,-0.0143981910983307,-0.0122573144290783,-0.0331047950588359,1.5397237e-07,0.0475331566163472,-0.43434349779794
0.064222,0.99853396,0.088313118,0.23603946,-0.0469314195215702,0.0373977478593588,-0.0159275355271853,-0.0259906809256878,1.0702383e-08,0.0657019761153617,-0.885587942901977
0.0415549999999999,1.0124898,-0.028780932,0.34171045,-0.0310734026134014,0.0488321797715293,-0.0178730480589165,-0.0305426165502229,1.1785515e-08,0.0292766300992319,-0.263757649889917
0.147376,0.51668352,-0.37412101,-0.043010812,-0.0619658045470715,-0.056335430036092,-0.0245550540165853,-0.0429436941421696,4.1402728e-08,0.102665035197368,-0.946359502256325
0.0148339999999999,0.62225145,-0.36745483,-0.063914739,-0.0295139029622078,-0.0273723853752017,-0.01619020910847,-0.015250854306832,4.3148027e-08,0.0528897072266166,-0.0341759128560281
-0.318928,0.35081968,-0.2971628,0.10226379,-0.112597465515137,-0.0037832140094704,-0.0898190306111056,-0.0513683045243821,7.8821323e-09,0.124418015394579,3.28301848767011
0.155859,0.70575178,-0.32660899,-0.086611196,-0.0564955547451973,-0.0362455967503289,-0.0186809542249152,-0.0146164307655888,3.762862e-08,-0.0195046708706004,-0.687121984375475
0.042269,0.81818181,-0.10535049,-0.12176315,-0.0166580658406019,-0.0097679948020313,-0.0091812774882636,-0.0162431652547418,2.367219e-08,0.0104895766595936,0.16062930574277
0.238692,0.88925618,-0.17958409,0.0023095184,-0.0714975595474243,0.0238459378273951,-0.0307086528105668,-0.0432768919959464,1.3606024e-08,0.0100834738903149,0.343802045228459
0.006214,0.79315007,-0.10744387,0.052253161,-0.0200286339968443,-0.0137367838631488,-0.0122330625013004,-0.0136961218884375,5.993784e-08,0.0670978478997488,-0.117952788607957
0.115558,0.33351025,-0.66122103,0.19393939,-0.100250586867333,0.0479400555292765,-0.0353845799618248,-0.0583286031723958,0.16666678,0.108602142710879,-0.584746931293885
-0.015187,0.6380403,-0.29812503,-0.19785719,-0.0603603646159172,-0.0414076944192251,-0.0312902091456795,-0.0236165768375971,2.1329226e-08,0.121703222529807,0.402266033077838
0.3647919999999999,0.48094565,-0.56608701,-0.21417326,-0.198437497019768,-0.0418830389777819,-0.0505682880206446,-0.0399058998790532,1.8161852e-08,-0.0045829296916713,-2.05816314649983
-0.0073469999999999,0.56675643,-0.40221772,0.23029043,-0.0542322993278503,-0.0359054560669594,-0.0231748144751026,-0.0386067968901338,1.136616e-08,0.0495471297983228,-0.149002498831233
0.152023,0.98118889,-0.05985029,0.55144042,-0.0431034453213215,0.0449252412137058,-0.0228648422133702,-0.0335725519596717,7.5955162e-09,0.0197113694961361,0.265425885373998
-0.002539,0.75312501,-0.20079736,-0.019124061,-0.0885776430368423,-0.0240847617646472,-0.0274290634980951,-0.0179487035170928,1.8902105e-08,0.0850951096841267,-1.36720512401299
0.023854,1.0247934,0.37038985,0.32217374,-0.0273267533630133,0.0533463137431277,-0.0155211103361175,-0.0204314294536397,1.1530414e-08,0.0650637953123451,0.271690293895576
0.12443,0.78599018,-0.20813882,-0.027273688,-0.0578800514340401,-0.0143924094736576,-0.023678920938536,-0.013119272406522,1.5607668e-08,0.0109127901222972,-0.429471155577447
0.102192,0.72057056,-0.2936421,-0.043845341,-0.0509586408734322,-0.0173757283224,-0.0179678604116447,-0.0199008743027598,1.8848919e-08,0.0289324508290847,-1.02939697034474
0.0462249999999999,0.70618331,-0.21287645,-0.18054055,-0.0761750489473343,-0.0369628846852316,-0.022000176592348,-0.0294069548755489,2.6605669e-08,0.048148291003283,-1.64603772281957
0.053597,0.97343773,0.037605684,-0.0063208384,-0.0198126528412104,0.0114450574749046,-0.0101096708773339,-0.0142519593680096,3.285113e-08,0.0045290513763514,0.331264439108171
0.225213,0.63839281,-0.42238683,-0.061414797,-0.0948453694581985,-0.050837103691366,-0.0281140138276194,-0.0226379514018864,2.4449385e-08,0.101774328757766,-1.31117199552493
-0.0002279999999999,0.43089178,-0.52082062,-0.046505388,-0.0432431995868683,-0.0609009078082939,-0.0241004129723182,-0.0202941225773321,1.4277643e-08,-0.0155176119833848,0.473450068017077
0.198227,0.96113664,-0.020929027,-0.022924036,-0.0517588295042515,-0.0174969109810061,-0.0242538931034586,-0.0238074061306368,2.5038585e-08,-0.0583944993048498,-0.17619047709085
0.081555,0.82539374,-0.05658751,-0.0028308751,-0.0346754156053066,0.0207242738688365,-0.0152649037391656,-0.016315708256203,2.1112776e-08,0.1293302488254823,-0.647594568256417
0.165728,0.77599388,-0.28688523,-0.093750052,-0.0913403853774071,-0.0296222995966673,-0.0312438064423208,-0.0223586238105176,3.2722795e-08,0.0250195291241616,-0.388447919719045
0.110511,0.6338703,-0.2619718,-0.12898934,-0.0380228161811829,-0.024775061238971,-0.0186135676552156,-0.0225224834329239,1.1606684e-08,0.0834532462060451,0.234887266818417
0.476419,0.87977529,-0.35247406,0.30702847,-0.134948089718819,0.0098157910009225,-0.0379582272678063,-0.0329511698934053,3.0897478e-08,0.034101554341667,-1.03229500046618
0.085167,0.9628253,-0.028487479,0.012060104,-0.0249006263911724,0.0038675740361214,-0.0085830167763864,-0.0149522403916723,2.286567e-08,0.0939844469665676,-0.670373434731039
0.149543,0.79508197,-0.27434105,-0.028098008,-0.0345587730407715,-0.0142630339703626,-0.0189454657936271,-0.0263597906446858,1.3778825e-08,-0.043402168195517,0.448416155263411
0.0497289999999999,0.85652953,-0.079816267,0.14394848,-0.0354703813791275,-0.002807575588425,-0.0181050318899216,-0.0207824508978538,1.6613193e-08,0.0797070279235963,0.275537261709867
0.161223,0.52665704,-0.48273027,-0.16300732,-0.0650470182299614,-0.0314541713645061,-0.033232780852188,-0.0315890827019342,5.6075153e-09,-0.0064069732369828,0.0137963481872496
0.071339,0.52999121,-0.45145386,0.039021745,-0.0388919785618782,-0.0400781772202916,-0.0188569291198974,-0.0188662030150179,1.1277743e-08,0.0536890334271247,-0.106161453405326
0.120817,0.620309,-0.3493506,-0.084094986,-0.0642202571034431,0.0106122530996799,-0.0241667516144589,-0.0391512844855594,2.7480931e-08,0.0586432557375658,-0.736016142959151
0.0352899999999999,0.78922874,-0.081426084,0.086651042,-0.0310994740575552,-0.0125209444926845,-0.0181248922151247,-0.0172073706035346,2.1912008e-08,0.0425821586520355,-0.172692668639409
0.116551,0.74983668,-0.20117779,0.11899681,-0.0761632025241852,0.0147168755841752,-0.0335668203614243,-0.0278120514625672,4.6006265e-09,0.0161947879707479,0.0621848285464043
0.093503,0.88419956,-0.096957684,-0.041487731,-0.0265688057988882,-0.0085129679905044,-0.0137092692307119,-0.0138125027579574,3.1446852e-08,0.0671700609472645,0.362389632168875
0.132746,0.60064584,-0.38320804,0.097680673,-0.0572000108659267,-0.0162045228191548,-0.023452120992692,-0.0266382465314938,7.6376399e-09,0.1979317702580488,-0.47392514263538
-0.051786,0.81085974,0.11452174,0.5475409,-0.0780207887291908,0.133509664071931,-0.027421095740667,-0.0578516020822486,1.9617788e-08,0.13931051672089,-0.656060072210468
0.300166,0.52995783,-0.51866931,-0.25149441,-0.0641780942678452,-0.0657706005084846,-0.0222105334865396,-0.0188288476335413,1.2302102e-08,0.1056138096525348,-0.293359806197235
0.034345,0.61357778,-0.40080154,0.28879315,-0.0782608389854431,0.0186515549818675,-0.0353268615606718,-0.0497001327801413,5.7282268e-08,0.140333955943146,-0.0604429263442483
0.025763,0.53291756,-0.41180503,-0.23722216,-0.0551601126790047,-0.028568131228288,-0.0295609416539408,-0.0248107197591352,2.2643938e-08,-0.0220037919551937,0.690603291473713
0.02693,0.5211975,-0.42468354,-0.13702531,-0.0569434687495232,-0.0038160314369533,-0.0323117703134038,-0.0301620678484187,1.5530845e-09,0.051482972442512,-0.0709517225246849
0.129844,0.54238778,-0.46883583,0.033535898,-0.103368222713471,-0.0270092741896709,-0.0375344025265604,-0.0289848599937776,1.5280849e-08,0.0160268221679659,-0.629715043507355
0.10393,0.5789991,-0.4021157,-0.093976282,-0.0351689122617245,-0.0454347955269946,-0.0159700368783603,-0.0226582601931265,2.2832431e-08,0.0092033065016975,-0.227587035146751
0.112527,0.75168347,-0.29956326,0.041558523,-0.059850312769413,-0.0334296620761355,-0.0235155161403532,-0.0279203418321668,5.3412275e-08,0.124418015394579,-0.71003623325848
0.006641,0.97189379,0.039219633,0.074637443,-0.0216528475284576,0.0044578009595474,-0.0110424321655919,-0.0120757152512001,4.0468937e-08,0.0564361023326511,0.0845008312053569
0.213669,1.0783069,-0.029553749,0.065203674,-0.0810811221599579,0.0025189196070035,-0.0406186356992681,-0.0380538847400676,6.3481565e-08,0.0586432557375658,0.417085403053638
-0.133887,0.47226247,-0.31512275,-0.058759518,-0.0537500381469727,0.0146989453997877,-0.0293264240354664,-0.0331852300557712,2.3785544e-08,0.117053258699965,0.0449736476731599
0.031153,0.51768678,-0.45070729,-0.15302011,-0.0300545878708363,-0.0418174567037366,-0.0209485119618902,-0.0242775259491198,1.7109285e-08,-0.0051429429207928,1.75370867085533
0.068808,0.82413334,-0.16349474,-0.055469293,-0.0256453510373831,-0.014335174113512,-0.0170150954736285,-0.0159573323682514,1.975385e-08,0.0275618516188114,0.782726933105936
0.246561,0.30613497,-0.7111913,1.5806453,-0.205655515193939,0.0316546418600612,-0.0491412833647457,-0.124970247411543,8.6084411e-09,0.123366714366344,-3.10707369950412
0.059636,1.0504347,0.51737833,0.49101397,-0.0434895344078541,0.0555949198702971,-0.0224859586255838,-0.0196726881080614,2.4793501e-08,0.0312990777376654,-0.53111942748826
0.132812,0.59585494,-0.38625741,0.030004621,-0.0510949268937111,-0.0210643716984325,-0.028022158938097,-0.0346085828238831,7.0891389e-08,0.0321114651641161,0.267235319602625
0.138957,0.28409585,-0.73290104,-0.30582526,-0.0795107036828995,-0.0917674584521188,-0.0426108618679161,-0.0355587185592282,7.2863773e-09,0.0026416459063341,-0.122935548603164
-0.040714,0.39303043,-0.563169,-0.31104794,-0.0326340012252331,-0.037216208047337,-0.0184215201911848,-0.0257001105857283,1.9460062e-08,-0.0031934563640064,-0.0505156750108128
0.0404879999999999,0.46592593,-0.54756558,-0.11695909,-0.0937499925494194,-0.0283033328337802,-0.0379466336429501,-0.0352921801329784,3.5163538e-08,0.0664116089294354,-0.718843948156872
0.094215,0.99237227,0.5,-0.022222182,-0.0482213944196701,0.0295135955222779,-0.0234031923300741,-0.0273379771583043,1.3018341e-08,0.0354282803441366,-0.181503644834545
0.084674,0.83567727,-0.090909086,-0.07142859,-0.0408744625747204,0.0491242003627121,-0.0233736211834279,-0.0299158481828028,2.7155647e-08,-0.0235320272797317,0.515245776123988
0.150996,0.91186023,0.042766605,0.051090948,-0.0687179565429688,0.0326414617399375,-0.02812032358332,-0.0347851814374916,5.4740128e-09,0.0664116089294354,-0.309730626230699
0.0942559999999999,1.0204214,0.11612839,0.12552316,-0.050420168787241,0.0065114007900572,-0.0148774685102679,-0.0174336081312365,3.640945e-08,0.0253502117362549,-1.16826279219328
0.126132,0.85996103,-0.12938528,0.0048313183,-0.027820760384202,0.0181365971350008,-0.0114883282016864,-0.0187504428313374,2.5171101e-08,0.003911655870754,-0.563904812147729
0.073156,0.86978126,-0.11345035,0.040266201,-0.0257215071469545,-0.0058949714423054,-0.0148908406718982,-0.0229214482551201,4.1545732e-08,0.0698306457224217,0.647164463472934
0.012377,1.00837,0.22452074,0.025587872,-0.0592317804694176,0.0224425724397103,-0.0209890963700468,-0.020984543497907,1.5597822e-08,0.0519236831890784,-0.786844810603398
-0.032479,0.78492606,-0.12472096,-0.032122206,-0.0303464457392693,-0.0044806686023043,-0.0215524630136298,-0.0195657427109156,1.0262116e-08,0.0247396010158864,-0.0266730779855078
-0.015283,0.79729122,-0.045817342,0.21535036,-0.0187463201582432,0.0035271538524992,-0.0122415507381788,-0.0200821014896893,1.5608979e-08,0.0321114651641161,0.102885475403952
-0.006885,0.68868846,-0.24595381,-0.15966883,-0.0420508794486523,-0.0170064786862996,-0.0185027095547535,-0.0218934206558946,1.6507354e-08,-0.0603405798288135,-0.2376410978277
0.13336,0.65369982,-0.29742268,-0.079054058,-0.073333315551281,0.0191606490148438,-0.0322444700783672,-0.0394775003103635,1.9380641e-08,-0.0045829296916713,0.0037117894925254
-0.009458,0.93125004,0.037882969,0.069566764,-0.0326732993125916,0.0261303523762359,-0.019932525272386,-0.0134394504422262,1.818487e-08,0.1129954602556252,0.0361995169641939
0.167741,0.87138414,-0.20046137,-0.007320167,-0.0566580854356289,-0.0038883676752448,-0.0205620630395875,-0.0203679936325521,1.1520612e-08,0.1417804705526289,-0.523825113695933
0.115413,0.83274442,-0.23817164,-0.14143693,-0.058765459805727,0.0183682226472431,-0.0220989731793585,-0.0244605671820319,4.1287929e-09,0.0123789121820238,-0.318336119534071
-0.068398,0.59890306,-0.1924879,-0.10108092,-0.0165846776217222,-0.0074826625900136,-0.0121504605126134,-0.0223506884072288,2.318443e-08,0.0216405255465014,0.231030458650736
0.075624,0.60426837,-0.37232772,-0.23053417,-0.0282002948224544,-0.0242514059775405,-0.0157081705769111,-0.0204889675745525,1.1551535e-08,0.0872308106147512,0.472574655709942
-0.01833,0.74000001,-0.14563908,-0.017886177,-0.0431304275989532,-0.006143420520756,-0.0230016321080147,-0.018520409739741,1.8894038e-08,0.113300451526551,-0.299567342495519
0.027273,1.0210457,0.12688895,0.079613023,-0.0178022272884846,0.0353224348380334,-0.0106062499442385,-0.0139064449801131,1.684807e-08,0.1206435649051483,0.0963729422382666
-0.052162,0.89741415,0.25338137,0.26306224,-0.0424999818205833,0.0406240053060982,-0.0151661255754058,-0.0204713580831447,7.0012742e-09,0.0576223755352975,-1.0023655346381
0.107804,0.63388991,-0.3520104,-0.073663689,-0.0598833672702312,-0.0099966739200883,-0.0266053658036769,-0.0289877062158817,1.544718e-08,0.0017492714060825,-0.136809293240525
0.139958,0.876661,-0.14378403,0.14984065,-0.022754555568099,-0.001514306705859,-0.0116660907374443,-0.0143822381234566,2.2273257e-08,-0.011782670936636,0.520707184955871
0.247203,0.78639621,-0.30503449,-0.021769302,-0.116619415581226,-0.0073261509339015,-0.0456456523557824,-0.0562347413398082,7.3803643e-09,-0.0229506202117504,-0.28636248943969
-0.03807,0.84526879,0.0075143669,-0.11073933,-0.0235343351960182,0.0121124317973024,-0.0149111100341148,-0.0153814953075635,1.6317554e-08,0.0880206501783927,-0.113295858668133
0.06509,0.50770533,-0.50850105,0.033908803,-0.0523234643042088,-0.0392197337415483,-0.0234843427407036,-0.0347000937260181,6.6677308e-09,-0.0161337741922277,-0.269831638876528
0.135826,0.85873413,-0.11768183,-0.16648044,-0.0772757232189178,0.0188352037221193,-0.02940938437698,-0.0259600929669735,1.0374785e-08,0.0207805375499638,-0.25034764343519
0.140312,0.78734744,-0.2579447,-0.05273509,-0.0373015627264977,-0.0155922974356347,-0.01363830557419,-0.012394867490704,3.3873977e-08,0.0282176363280616,-0.729299900247098
-0.040986,0.95991677,0.10465783,0.32209218,-0.0280898883938789,0.0225327811462598,-0.0165175559536806,-0.0165174372398424,1.9635127e-08,0.0105110239850258,0.509947359330743
-0.038952,0.71865892,-0.2184182,0.050760198,-0.0359869040548801,0.0119190663099289,-0.0224678925774068,-0.02314382357583,1.9230793e-08,0.0664116089294354,0.844300496019093
0.054155,0.76301539,-0.25416547,-0.06623549,-0.0251397080719471,-0.0103000086318288,-0.0115990478987714,-0.0144244417343468,3.4685275e-08,0.0117426227858254,0.0562415976144372
0.076669,0.88753545,-0.12314174,-0.029949408,-0.0381458066403866,-0.0073812244227156,-0.016387178941706,-0.0143699251798906,1.954508e-08,-0.0216564771442018,0.0111649816510894
0.090407,0.61850715,-0.39938837,0.22749996,-0.0253968015313148,-0.0089918101309902,-0.0095477729812303,-0.0379336577587238,1.2296177e-08,0.0808494327091614,-0.132377093182824
0.03816,1.0050378,0.24271844,0.26732668,-0.0558822974562645,0.0726009529704849,-0.0276687523060734,-0.0414960129889632,2.396526e-08,0.0494309246416619,0.941547556244058
-0.000903,0.69813663,-0.18550725,-0.067993417,-0.0341555662453175,0.0524794107509984,-0.0189589926395094,-0.0384582182374977,2.6585678e-08,0.0423721464439517,-0.231707093118709
0.158649,0.85358143,-0.17386749,-0.043919295,-0.029907388612628,0.0026376156343354,-0.0148816470826715,-0.0195679739569822,1.8274342e-08,0.0602847078064781,0.0117506755154629
-0.002053,0.89185184,-0.051120769,-0.037742469,-0.024053305387497,0.0082117708192931,-0.0133089806010818,-0.0135485967204313,3.007839e-08,0.0606927627290299,-0.545109799513337
0.037996,0.99390376,0.061277013,-0.021360129,-0.0285010579973459,0.0323594028983886,-0.0139414302540429,-0.0158168646289122,2.1762689e-08,0.1456397587419138,0.105506820340813
0.261404,0.70089811,-0.38969952,-0.082580626,-0.113494835793972,-0.0064436892668406,-0.0341017376104095,-0.0230004707279926,7.7392226e-09,-0.0161337741922277,-1.61884641233851
-0.054474,0.81940281,0.54482752,0.056603827,-0.0480093508958817,0.131473317742348,-0.0300168727526463,-0.0564270891946067,2.0680996e-08,0.147384524885367,0.217476532294682
0.35643,0.72352529,-0.42307693,-0.35567012,-0.0734312683343887,0.010729423413674,-0.032602537513412,-0.0327335602362483,2.3683144e-08,0.18323021623502,-0.549168108327813
-0.00723,0.51940608,-0.39772296,-0.078494802,-0.0493085756897926,-0.0177036159568363,-0.0170952156132212,-0.0187617685676295,1.1154165e-08,0.0024350142782635,-1.01176438822567
0.040476,0.88954067,-0.10083555,0.018332735,-0.0202890373766422,-0.0016462444586472,-0.0099716264118769,-0.0135521516358758,5.8314562e-08,0.0001542518345135,0.135060877568726
-0.003385,0.80871487,-0.11352505,-0.041775908,-0.0327752754092216,0.0216137399483058,-0.0188124855683845,-0.0161832385355044,1.7297769e-08,0.0453868858614103,-0.130702474409874
0.216817,0.77187634,-0.29559746,-0.10510141,-0.0423452518880367,-0.0084567772638467,-0.0159486126972285,-0.0198345628306432,1.1367915e-08,0.0575077513853709,-0.4202700726612
-0.0131279999999999,0.4147844,-0.51251489,-0.20039095,-0.0369913950562477,-0.0353460127694739,-0.0267000299552087,-0.0339902369617222,2.9594474e-08,0.0757599901770138,0.675154849385436
0.170109,1.1455364,0.10042194,0.07590761,-0.101901158690453,0.0775197663654884,-0.0295647215885697,-0.0335544368424124,7.4238278e-09,0.0322370902842249,-1.12142277034511
0.171749,0.88622129,-0.2084039,-0.12841094,-0.0355749092996121,-0.0067047911385695,-0.015095801787864,-0.0161516188102852,3.314474e-08,-0.0519169187112066,-0.144655844039251
0.189416,1.1437632,0.25379309,0.24010918,-0.0660098642110825,0.0463387715733714,-0.0274169808944957,-0.0413252689630787,1.4740912e-08,-0.0205838355870367,0.622105288653354
0.063392,0.56975472,-0.34084764,-0.14252196,-0.0614161416888237,0.0108073347558578,-0.0293041630651694,-0.0305629899595997,5.6713496e-09,0.0389759252251642,-0.209344414734534
0.142206,0.6778363,-0.27346355,-0.3804853,-0.0389908403158188,-0.0096105126043161,-0.0214733109066868,-0.0310845888246464,1.3255939e-08,0.0536890334271247,0.066565053670774
-0.019549,0.88105726,0.37335229,0.35722935,-0.0611111335456371,0.0397491388850742,-0.0274749468147043,-0.0368128443719318,5.6569419e-08,0.0423721464439517,-0.0965697349962756
0.083567,0.94560909,-3.7203183e-09,0.11927275,-0.0400763414800167,0.0303937640661995,-0.017485924852624,-0.0318202236900143,1.1035966e-08,0.0024042024254248,-0.18170884265293
0.137173,1.0072993,0.077535972,0.023723768,-0.0577849335968494,0.0207439673702336,-0.0318913523211762,-0.0332298339811794,1.292595e-07,0.0688896356150508,0.415852548213396
0.000971,0.87246442,-0.063024722,0.11611418,-0.0257048178464174,-0.003752860512274,-0.0143315346790533,-0.0183308951122678,1.3843991e-08,-0.007283807813413,-0.188872798723888
0.076784,0.68760806,-0.33192518,-0.13176474,-0.0500447228550911,-0.0381541543950637,-0.0184208616917638,-0.0236838249324944,1.8658389e-08,0.0959829879187358,-0.424770764364704
0.081568,1.0138979,0.079329565,0.013286683,-0.0393202379345894,0.0220952773298551,-0.0189080264953406,-0.0170028397831188,1.1433858e-08,-0.0086760941938032,-0.110369831321807
0.225257,0.9748975,-0.19999996,0.11015744,-0.0609897263348103,0.0181376088617577,-0.0226098240810934,-0.0260079862180902,1.217028e-08,-0.0169068524374737,-0.123394351527351
0.141132,0.59121621,-0.42188197,-0.12671809,-0.0531654581427574,-0.0243257621639512,-0.0171925564706598,-0.0237331958422528,1.7849091e-08,0.125709700719453,-0.80527728679866
0.121087,0.93476844,-0.074161865,-0.0080973012,-0.0388795137405396,-0.0051652834647232,-0.0132329716477943,-0.0154112287362418,2.4248745e-08,0.0824229152492524,-0.377401869241
0.087617,0.90861803,-0.0829264,-0.0014745694,-0.0224390532821417,-0.0048354061242814,-0.0101852026839387,-0.0150104444943725,2.4522455e-08,0.0191942986293867,-0.540610469637264
0.055214,1.0117205,0.28700393,0.29872876,-0.0286037568002939,0.0346622415300873,-0.0167481252812636,-0.0251713408622868,1.1122538e-08,0.0657019761153617,0.588457496547751
0.149655,0.60449219,-0.46199995,-0.097315401,-0.102230429649353,0.0089797824621201,-0.0480080125398974,-0.0558632538725143,1.1422866e-08,0.0959829879187358,0.338044126972641
0.004594,0.73905724,-0.159802,0.038534697,-0.0356294550001621,0.0003447180303435,-0.0150717662263402,-0.0156756939300097,2.1838135e-08,0.0008446631022032,-0.190236853201472
-0.003187,0.75734162,-0.14409797,-0.064143248,-0.053619958460331,0.0290392397178544,-0.0246536895278889,-0.0287702112755899,3.9223496e-09,0.0123789121820238,-0.102802743715351
0.219453,0.48557034,-0.60024315,-0.40902314,-0.0508564673364162,-0.0761398358218786,-0.0189549502774814,-0.0379688199000349,1.6568583e-08,0.03613152977837,-0.404985424548948
0.117626,0.66379523,-0.38482484,-0.085224293,-0.0433184057474136,-0.0247310691823562,-0.0173418370087668,-0.0224037571452373,2.3373502e-08,-0.0074501003538137,0.0622265487719155
0.06426,0.94182825,0.11430976,0.068513304,-0.0658307522535324,0.021962168523007,-0.0217613757488184,-0.0202006459617771,1.4108268e-08,0.0797070279235963,-1.1606153894057
-0.004606,0.9682948,0.0049219741,0.062283028,-0.0161870773881674,0.0133230902461542,-0.0076643146866907,-0.0119664381981813,3.6898701e-08,0.055278211651277,-0.281390067440236
0.090006,1.0909091,0.88034189,0.66188246,-0.0620087385177612,0.142467072440518,-0.0263640119957261,-0.0409008815553464,2.935964e-08,0.0881463387881273,-0.419680093223885
0.327164,1.1849087,0.015094326,0.05593726,-0.0728228464722633,0.0683213707266582,-0.0328880248867997,-0.0423882974627577,1.4343635e-08,0.038345619657561,-0.17843052172455
0.201915,0.96124643,-0.13452972,0.017205298,-0.0671510919928551,0.0193063049680657,-0.0187066513646345,-0.0132423938866551,1.4805192e-08,0.0010328476243002,-1.10041641025233
-0.004272,0.96692914,0.070180543,0.26597485,-0.0160213205963373,0.0109733955727683,-0.0096973974702939,-0.0147051579666915,1.0355486e-08,0.100108047781353,0.17660505886035
0.0883309999999999,0.63446325,-0.30805364,-0.20692304,-0.173617839813232,-7.04269235333e-05,-0.0500168205815909,-0.0349771070909236,1.7155431e-08,0.0881463387881273,-1.31101633224268
0.215195,0.65535128,-0.40654206,-0.20735088,-0.123355261981487,0.00781479338184,-0.0331197197011332,-0.0347776612071147,1.9333934e-08,0.0096461200677568,-1.88529346106924
0.221824,0.84591198,-0.27694365,-0.1744207,-0.098504826426506,0.0104298202527894,-0.0318007665063701,-0.0228163106761967,1.5457971e-08,-0.0055011147312171,-1.23495246405133
0.055654,0.3703509,-0.63272059,-0.39288971,-0.0374341905117035,-0.0710107039453255,-0.0207001369321341,-0.0382641133465673,5.0338467e-09,0.0198743709239505,0.175134097103266
0.01183,0.73833978,-0.20156568,0.14009951,-0.0339542254805565,0.0198485567751858,-0.0182105485670584,-0.0295333714005846,2.6841175e-08,-0.017805908596484,0.195854967910018
-0.097751,0.82119405,0.08315514,0.10763633,-0.0286554265767336,0.0193060816576083,-0.0166713576953935,-0.0187190389993458,1.2901072e-08,0.0500159567453919,-0.301405719400377
0.182111,1.1022409,0.47833338,0.081707329,-0.076205812394619,0.0568889475738009,-0.0378494344814243,-0.0301191186336835,8.0532736e-09,0.015609074764795,0.193174008929792
-0.028489,0.90336359,0.17203301,0.086792551,-0.0348623655736446,0.0393228371006747,-0.016384792290068,-0.0197360857103814,1.9257251e-07,0.0321114651641161,0.67870751721303
0.005988,0.84422225,-0.10677089,0.14333332,-0.0218151770532131,0.002599426648683,-0.0132497850930937,-0.0222866951300014,4.853171e-08,0.0580831474886123,0.385210808773423
0.102874,0.90617418,-0.12569006,0.015134345,-0.051973681896925,-0.0063464682575108,-0.0169934410427586,-0.0156945232173886,3.3478265e-08,0.0379532301499109,-0.540053230747279
0.210447,0.62588471,-0.45782495,0.033471569,-0.178408712148666,-0.0086947322124615,-0.0478350059812781,-0.0427105567343308,3.9059447e-08,0.0738696348853409,-2.08642632979202
0.022216,0.63663751,-0.36075112,-0.016405072,-0.0259515568614006,-0.0211246857005689,-0.0098971527666432,-0.0150328113119609,4.0926235e-08,0.0404460636898875,-0.223593310559659
0.266299,0.48893806,-0.56246865,0.0092592454,-0.118143551051617,0.0083706743187375,-0.0463288888816793,-0.0447725341567246,6.6144774e-09,0.0291512318808783,-0.766207097848203
0.085396,0.82211536,-0.22706383,-0.16421674,-0.0292347501963377,-0.0029551554471254,-0.0121669955168051,-0.0134239763707007,4.4726573e-08,0.0218447272811136,-0.467936282859778
0.264496,0.90891349,-0.16363634,-0.26935804,-0.0598957948386669,0.0278649362218049,-0.0234074547242911,-0.0293151792739092,2.6942267e-08,0.209576468740124,-0.0820861569280286
0.312236,0.56398046,-0.54186517,-0.22537588,-0.0541969388723373,-0.0404460923099476,-0.0236144128583864,-0.0210109400366885,1.4334617e-08,0.0260429121581655,0.0266139941084583
-0.006038,0.91176468,0.11604585,-0.032298163,-0.0344611629843712,0.0535593140456412,-0.0207208635261789,-0.0253853146753195,1.2449014e-08,0.0199920787960723,0.5087645050715
0.07375,0.87926143,-0.095810205,-0.068108946,-0.0459008067846298,0.0041926179288162,-0.0177506338706491,-0.0166565419783317,2.2112667e-08,0.0196655613856211,-0.623420003605892
0.296359,0.55277777,-0.55484617,-0.31822222,-0.0748218670487404,-0.0090528287821346,-0.0253396481662001,-0.0386876487325352,8.016146e-09,0.0215949912565131,-0.190767932039566
0.034455,0.52788967,-0.40302953,-0.21642762,-0.0625521242618561,-0.0302408582841357,-0.0230831617330756,-0.0258877816324529,6.343408e-09,-0.0006931348858276,0.227652076739618
0.020354,0.83286226,-0.15525492,0.026286298,-0.0142332166433334,0.0053855194968896,-0.0082816156866328,-0.0191000301731331,3.9888469e-08,0.076222311413603,-0.052663132470507
0.086545,0.93853009,-0.062892303,-0.010451676,-0.031418927013874,-0.0052994864268435,-0.0129641714796797,-0.0136289257850116,1.9625492e-08,0.0912432264491544,-0.0521503081984757
0.040555,0.90355736,-0.042510252,-0.038329069,-0.0501138232648373,0.0038601940290795,-0.015798489738827,-0.0175926294765074,0.33333337,0.0321114651641161,-1.45838760973215
-0.009679,0.65982407,-0.29133141,-0.038579982,-0.0297297220677137,-0.0091253378325038,-0.0191695178781518,-0.0229230325597314,2.3340876e-08,0.0321114651641161,1.30922384779834
0.085379,0.78094995,-0.22658841,-0.052264407,-0.0285812634974718,-0.0138814367431526,-0.011172985943889,-0.0129423455750925,2.7480532e-08,0.021791972979183,-0.230552369683175
-0.091518,0.56356359,-0.31211108,0.069257341,-0.0651828050613403,0.069215376343992,-0.0412424885962741,-0.0497634118838445,5.9364048e-08,0.122666606453713,1.46589692491623
0.056879,0.86820787,-0.068658203,0.040205095,-0.0508172065019607,0.042983740930342,-0.0257337582989822,-0.0275450456990856,4.6744808e-09,0.0132601884055783,0.243886026627612
0.18188,0.51483899,-0.52591705,-0.32184586,-0.0493350327014923,-0.0362676009535789,-0.0222836168286766,-0.0262098950516027,1.4083214e-08,0.0265268484550308,-0.132414088124344
0.013639,0.58780485,-0.36680248,-0.10529573,-0.0395766496658325,-0.0307670728200012,-0.0184099352354219,-0.0158623303161728,2.0365903e-08,0.0153672835103069,0.210246321559679
0.0304699999999999,0.5977273,-0.3108108,-0.092526689,-0.0813008323311806,0.105243398083581,-0.0348243961168002,-0.0522685720834607,2.5655048e-08,0.223400071349093,-0.544043816879888
0.33967,0.48575959,-0.45037168,-0.20543617,-0.130335375666618,0.0162069614873164,-0.0389021233109334,-0.0363982080605025,5.7460405e-09,0.223400071349093,-1.20178886301173
0.069976,1.0548723,0.33582583,0.18952808,-0.024198031052947,0.0467038413302766,-0.0129438192373744,-0.0199973596030013,1.1509958e-08,0.0650637953123451,0.212602236376671
0.10771,0.96126765,-0.091491409,-0.0064269411,-0.0316357314586639,-0.0092036937259965,-0.0165071354311546,-0.0160762122434001,1.91182e-08,0.1082427148828385,-0.0271016680706572
0.25004,0.55527639,-0.36144578,-0.38657406,-0.0652591437101364,0.077875313659509,-0.0315616188390105,-0.0536636440055615,1.219993e-08,0.0216372147202492,0.0597386589506529
0.072059,0.88504434,-0.098623879,0.068814009,-0.0234931875020266,0.0019105675423311,-0.0118055397597948,-0.0137574241005928,3.1107426e-08,-0.0100951581741423,-0.352855456658978
-0.2193399999999999,0.23926382,-0.6833756,0.40168536,-0.100568115711212,0.0767238330509928,-0.0759373971915736,-0.126448990594408,9.0497174e-09,0.0664116089294354,0.583692398723544
0.036118,0.97458333,0.016959442,0.023370389,-0.0172028709203005,0.0127954969906973,-0.008552311984124,-0.0129392474551261,2.3901929e-08,0.1053064189056147,-0.312442812116464
0.0032509999999999,0.35227686,-0.63810599,-0.091509476,-0.036649152636528,0.0306058480507798,-0.0128648147036183,-0.0504908946547243,7.5837603e-09,0.179442184690989,-0.863387997458529
0.0542259999999999,0.76143134,-0.076436304,-0.18986996,-0.0488771311938763,0.0053852123932706,-0.0169505562691407,-0.0173173520208251,1.2010127e-08,0.0669949443286023,-0.804151952677965
-0.099098,0.51562971,-0.3723661,-0.19078401,-0.0265686437487602,-0.0146326829368869,-0.021072275450448,-0.0196724592130401,1.0378079e-08,0.1071223121680217,1.14958929786372
0.064634,0.87858033,-0.14659971,0.012952397,-0.0355555228888988,0.0159388810603155,-0.0187473614462242,-0.0231978816622702,3.2079928e-08,-0.0010855846497287,0.0797513505462494
0.121475,0.68356043,-0.36017898,-0.090909049,-0.040559433400631,-0.0291538991344472,-0.0185662636542565,-0.0212218860310264,2.6527882e-08,0.0926941381891225,0.311280818958219
0.021022,0.97266948,0.030566877,0.072902769,-0.0146727208048105,0.0032764056070139,-0.0072780659568808,-0.0126116118046322,3.7214321e-08,0.1147508183785777,-0.148823619154602
0.177879,0.42857143,-0.54975677,-0.33070347,-0.0646352544426918,0.0002776906541031,-0.0270759361690032,-0.0371467937819832,1.1495919e-08,0.223400071349093,-0.586425916874243
0.0471419999999999,0.6059432,-0.35888255,-0.31153849,-0.0391061902046204,-0.0102501738066268,-0.0183022706074021,-0.0299716088692945,2.5457691e-08,0.0096226081514908,-0.16821094694697
0.042497,0.78137225,-0.21485156,0.0027647763,-0.0216173306107521,-0.0192521814864853,-0.0097754522065551,-0.0133448134833721,2.5996101e-08,0.1153494820359653,0.103817083249075
0.177526,0.76096302,-0.28877357,0.11272574,-0.0662251636385918,-0.0164120382525855,-0.0222348031453524,-0.0266313315416606,4.3977032e-08,0.131295685759849,-0.832317073035094
0.105043,0.86475062,-0.18358339,-0.14746547,-0.0366826467216015,0.0141240329378181,-0.0158326575515876,-0.0205419537543116,1.9403453e-08,0.0360404546271008,-0.244562147156778
0.313296,0.58704454,-0.5195936,-0.22861803,-0.123053900897503,0.0033624146340622,-0.0406113365568935,-0.0386375352846887,6.3399335e-09,0.0002257800575734,-0.995463367812106
0.014571,0.68226117,-0.24293917,0.13101883,-0.0537634380161762,-0.0042939265776012,-0.0233909689707628,-0.0356281956165406,3.3455219e-08,0.0423721464439517,-0.891044568271328
-0.020607,0.76656395,-0.19380464,0.077494644,-0.0193286407738924,-0.001525240432885,-0.0135871514219017,-0.0220755273772157,3.1468371e-08,0.1057049693813252,1.0098608209256
0.34175,0.71552318,-0.42584562,-0.15394516,-0.0971068292856216,-0.0316298986888594,-0.0288022045572668,-0.0261491349070286,2.1624773e-08,-0.029946003654417,-1.48637771663143
0.068683,0.52716762,-0.44785589,-0.056989528,-0.0528169013559818,-0.0306938716934787,-0.0247720604604433,-0.0351407437270176,9.4323056e-09,0.0003475531839283,-0.634804315067017
0.175904,1.1643734,0.25725886,0.22774394,-0.0537404492497444,0.074045091168955,-0.024835401881351,-0.0325316205125638,6.2925398e-09,0.0517368885826832,-0.501384261732205
-0.065077,0.80316204,-0.059130162,-0.13561925,-0.0398009568452835,0.0054313308662838,-0.0213903518433322,-0.0205121514983918,4.9705168e-08,0.0757599901770138,0.604995192704756
0.0155459999999999,0.66944444,-0.3011207,-0.00168425,-0.0446902737021446,-0.0003046764888697,-0.0209652466560842,-0.0230312177643106,1.5908373e-08,0.0213175648513544,-0.219890960966032
0.235986,0.67255092,-0.34016004,-0.22761092,-0.0861344933509827,0.0221890725402368,-0.036591326746118,-0.0298527688016856,1.6050477e-09,0.051482972442512,-0.292994328316282
0.094035,0.89445215,-0.007953356,0.018492693,-0.0313315354287624,-0.0162512592764364,-0.0088901571961777,-0.0213615978419931,2.102361e-08,0.014412781890659,-1.37404730544167
0.107015,1.0579269,0.14725277,0.71147549,-0.0847681313753128,0.0908882373736964,-0.0337477209481105,-0.0331691759169038,2.3674662e-08,0.034101554341667,-0.983320427567297
0.077164,0.73459053,-0.23731966,-0.094896287,-0.0378847308456898,-0.0145636325081189,-0.0179753034857661,-0.0181960745244192,1.6236205e-08,0.084269018033614,-0.155968028015077
0.014337,0.69279999,-0.28320032,-0.27114263,-0.0536613203585148,0.0066061972950896,-0.0311002071245442,-0.0260322474170007,9.0882812e-09,0.1417804705526289,0.806563956884733
0.103756,0.7705,-0.21430579,-0.095917061,-0.0597393028438091,0.0202119134159552,-0.0259514502518752,-0.0260393421640838,7.2941257e-09,0.1979317702580488,-0.394624556660941
0.128407,0.74743247,-0.26705983,-0.086134508,-0.042504295706749,3.63805641731e-05,-0.0185513475139335,-0.0234688698601777,1.6106098e-08,-0.0151348222109123,-0.0419065708354909
0.127067,0.79059678,-0.26000702,-0.11000071,-0.0548512898385525,-0.0212889424680422,-0.0157861957167193,-0.0157863474755333,4.4421625e-08,0.077545455332955,-1.31521204144435
0.112463,0.88846052,-0.076008551,0.023706999,-0.0256410837173462,-0.0021041471304165,-0.01308127111275,-0.0125372732786682,2.7558817e-08,0.2167287139616772,0.348661797800111
0.068864,0.7324841,-0.23541966,-0.080017149,-0.0294117666780949,-0.0031664344585604,-0.0182568940590557,-0.0256174542599461,1.9850177e-08,0.0787160941278775,0.81147644418178
0.120411,0.98446745,-0.079936609,0.14713193,-0.0451512187719345,0.0068230161236392,-0.0187333864296705,-0.0173475155380429,1.8386716e-08,0.0425821586520355,-0.643454816630623
0.0419519999999999,1.0295286,0.07018847,0.12109323,-0.0169078130275011,0.0142211744354831,-0.008278403499343,-0.014072867727146,3.3276429e-08,-0.0103504846373107,0.68006105929168
-0.02637,0.857997,-0.026351249,0.10303359,-0.0242402348667383,-0.0026456072098679,-0.0115699298372249,-0.013864915897364,4.8685099e-08,0.0770869870327001,-0.488817522100343
0.221092,1.2022849,0.67333424,0.54267657,-0.121933110058308,0.0890651578083634,-0.0544444135699903,-0.0277765897538966,1.8033324e-08,0.0835403215192679,-0.510279263366345
0.153785,0.89902669,-0.044918675,0.069340006,-0.0989660397171974,0.0571526835362116,-0.0336081185079268,-0.045323140853905,1.9651404e-08,0.179442184690989,-0.269763904241421
0.161471,0.87966102,-0.24193543,-0.049999926,-0.0632497221231461,-0.0160330228714479,-0.0293767104002248,-0.0288691226629606,5.0931387e-08,0.179442184690989,0.22350860612255
0.381237,1.3821399,0.14915253,0.27443612,-0.0660400241613388,0.0931629480587112,-0.0245802483275927,-0.0306848922770537,1.0424328e-08,0.0292766300992319,-0.262434752311218
0.040869,0.88064569,-0.097145446,-0.044755436,-0.0391579084098339,0.0054353572324746,-0.0169801873231856,-0.0147431379544979,1.5797248e-08,0.097872504412296,-0.199017427326097
-0.082848,0.7882486,-0.06497661,0.21919133,-0.0226945430040359,0.0023497248896294,-0.0206041494363397,-0.0216298437476167,4.4175788e-08,0.0529302596899208,2.49381412503989
0.057961,0.37304187,-0.62078434,0.047670674,-0.0792180523276329,-0.0089485477138725,-0.0284743418209353,-0.0499828242227291,7.025819e-09,0.0410383729253053,-0.569559021946264
0.074204,0.88392854,-0.045310907,-0.024498319,-0.0299921166151762,0.0013483528875642,-0.0148994729764248,-0.0135208423302793,4.355935e-08,-0.0027896662211855,0.0295351272496062
0.115379,0.78724873,-0.002859226,0.040765934,-0.0273660384118557,-0.0030880746328168,-0.0156101878139651,-0.0254961201917775,2.1479094e-08,0.0713133481291023,0.45371681572292
0.056126,0.87013298,0.01970586,0.23468654,-0.0559302344918251,0.058925449123813,-0.0253321155112019,-0.0295938338789162,1.5759227e-09,0.0548081331166724,-0.373254641461996
-0.000984,0.93936116,0.59174323,0.81106478,-0.0540230199694633,0.0803842639757527,-0.0269136102524369,-0.0330759120342327,2.0829791e-08,0.0353464446632911,-0.246680625019554
0.060854,0.83195108,0.012979765,0.25261694,-0.0511270090937614,0.0264149055712753,-0.0228862211361556,-0.021216601457003,7.380629e-09,-0.0161337741922277,-0.433313506650365
0.084865,0.53847957,-0.46894923,-0.2963641,-0.0490991026163101,-0.0517986620672875,-0.0244565553794567,-0.0383096235783818,1.591955e-08,-0.0002326819195727,-0.206586964996547
0.03043,1.0166975,-0.003142833,0.29157346,-0.0418409444391727,0.0265284404158592,-0.0177513015104948,-0.0172404358285989,1.799031e-08,0.0425821586520355,-0.0330648096770841
-0.06391,0.9168703,0.23192193,0.14025453,-0.0276588201522827,0.0285816245013848,-0.0177101263470437,-0.0159889835197836,2.1089486e-08,0.0536890334271247,0.0239265973395875
0.014395,0.92614496,-0.054703582,0.13305169,-0.0198258236050606,0.0074624634968738,-0.0088817277350421,-0.013657675691235,3.1235317e-08,0.0806541015857343,0.253882922240936
0.00823,0.85572916,-0.042352892,0.37383968,-0.0408291220664978,0.0382062437581933,-0.019242127830869,-0.0314633012739528,2.4685031e-08,-0.0023686970721281,0.0388676030356498
0.086704,1.0876882,0.25444445,0.14040409,-0.0632034242153168,0.0382426861777074,-0.03087640429622,-0.0296723432788685,2.7228005e-08,0.0530691815571982,-0.279356100401454
-0.097747,0.78409088,0.0070888628,-0.05372069,-0.0141015807166696,0.0071976610148946,-0.0114640900959603,-0.0160751059298982,1.9940856e-08,0.0407137503994675,0.371642893377834
0.013998,0.98089957,0.20007657,0.17314889,-0.0313399285078049,0.0237264867496884,-0.0137806322984559,-0.0159123873001214,1.1781444e-08,0.0331951785740008,-0.301807830277169
-0.047511,0.77123654,-0.16258645,-0.0018017361,-0.0410273373126984,-0.0056894386264806,-0.0144872980780643,-0.0132086757029356,2.7395441e-08,0.002498159669007,-1.15405607049508
0.067982,0.68584073,-0.13173658,0.39871386,-0.0704960525035858,0.0447927327412698,-0.0360715903314612,-0.0388075765924358,6.2360548e-09,0.0552516852457308,-0.216668335898278
0.017552,1.0185357,0.54584521,0.3392635,-0.0384615398943424,0.0423825655339493,-0.0191286168805121,-0.0239226219502471,1.1641818e-08,0.0356359818645466,-0.0600320249586266
0.1255379999999999,0.93034112,-0.13141993,-0.023769073,-0.048260897397995,-0.001100347066919,-0.0186915803958291,-0.025132991351783,1.9000021e-08,-0.0433224774629978,-0.686444795548236
0.079381,0.93076319,-0.024909606,0.02553357,-0.0546365305781364,0.0232756226064844,-0.0221843088828375,-0.0163768622137202,1.6366419e-08,0.0274138255977022,-0.307796515612459
0.1388789999999999,0.89357144,-0.1974242,0.10523666,-0.0431965440511703,-0.0066688255820837,-0.0153031571474104,-0.015658287706379,2.0786798e-08,-0.0034820571731764,-0.232324495299542
-0.035002,0.86211258,-0.085024536,0.2275482,-0.0330056361854076,0.0162526378408074,-0.0183442039330737,-0.0226911172598788,3.3827003e-08,0.0507746203730231,-0.367709005243466
0.018606,0.64689261,-0.26069784,-0.14600761,-0.0361990593373775,-0.0405757401345505,-0.0194534362717092,-0.0343241095894797,1.647353e-08,0.0472862529059057,0.200849463797581
-0.018011,0.98297316,0.64902812,0.52395207,-0.052042156457901,0.0934502205087079,-0.0270190771282986,-0.0332641762154353,7.0102635e-09,0.011039627769775,-0.173613643627485
0.302673,0.61840117,-0.43587443,-0.12027974,-0.0945204868912697,-0.0042272423290544,-0.0349779964845776,-0.0359302725850285,3.7528334e-08,0.0433601489710634,-0.733341048670871
-0.0205389999999999,0.51157701,-0.4055292,-0.23902413,-0.0378606431186199,-0.021241071427034,-0.0155645258953928,-0.0197821956712895,9.5889225e-09,0.054576732037175,-0.465920432850588
0.158436,1.1494253,0.029055288,0.20284934,-0.0799438580870628,0.0304782630927447,-0.0265375773590769,-0.0321146071022039,1.1102671e-07,0.0507682668976486,-0.976716177946014
0.100793,0.68958545,-0.2644088,0.25430602,-0.0861271917819977,0.003802302125324,-0.0308803351141597,-0.041512553443326,3.7327105e-08,0.0171252472015719,-0.974874217954792
-0.053052,0.87986749,0.013480298,0.11900532,-0.0106285596266389,0.0097463189287939,-0.0106879633901173,-0.0155116601604468,3.117524e-08,0.0096024644285217,0.461214667024696
-0.005428,0.66587394,-0.30801073,-0.15224665,-0.0374640114605427,-0.0171141318149037,-0.0210082109100649,-0.0226479766362358,2.2748626e-08,0.001737720079963,0.688560354496022
0.296435,0.56225687,-0.51741439,-0.24061053,-0.103254780173302,-0.0476531299451987,-0.0353665396803509,-0.0263227572978003,1.7371043e-08,0.064193508205995,-0.602816248171245
-0.004801,0.90514994,-0.043898806,0.13941917,-0.0172745026648045,0.0040748723549768,-0.0090244842561821,-0.014508510864702,2.4430864e-08,0.0191942986293866,-0.255672188747218
0.08901,1.0268563,1.3869245,0.98998886,-0.107219815254211,0.109036369973587,-0.0585083271888081,-0.0313056975814008,1.2724512e-08,0.0442083366272482,0.238905080298874
-0.055978,0.93038672,1.0720929,1.2729591,-0.0624250248074532,0.106413818067975,-0.0321587546694473,-0.0406406439558332,1.5008427e-08,-0.0182255065741087,-0.401090136424293
0.084989,0.61983472,-0.27206853,0.93181825,-0.0950763896107674,0.0472544978062312,-0.0467313277818069,-0.0457109695094866,6.4379253e-09,0.0175791225273913,-0.50303622620853
0.033131,0.68070173,-0.26947042,-0.20102213,-0.0298507176339626,-0.0047030106393827,-0.0138465270821333,-0.0296672956026469,2.6851579e-08,-0.0225717296484602,0.0203566367700098
-0.142447,0.61884671,-0.13091084,0.36915317,-0.0368875712156296,0.0186405986961391,-0.025530873254661,-0.0292200036362854,1.4663397e-08,-0.0161337741922277,0.524590605257156
0.019016,0.88717693,-0.10540161,0.1200915,-0.0466666743159294,0.0028929085367256,-0.015426193167561,-0.0206121216355014,3.7991327e-08,0.0362384242153811,-1.17739041943119
0.023825,0.71504658,-0.23465282,0.10848542,-0.0276381392031908,-0.0039760820153687,-0.0185237844215802,-0.0223046206704369,2.3408424e-08,0.0500957184225977,1.03187065251507
0.036818,0.99760562,0.02152255,0.11085847,-0.0289958007633686,0.0186297415445248,-0.0137592336101165,-0.0158173958293531,1.8518573e-08,0.0296363341640163,0.126920456465193
0.066584,0.79000002,-0.25287026,-0.070081681,-0.0361156314611435,0.0117139518260956,-0.0135457640081396,-0.0183759647432747,1.8603684e-08,0.0645973309874535,-0.575515081202839
0.141733,0.91778654,-0.11643277,-0.047037113,-0.0794189497828484,-0.002646751391391,-0.0279888896113523,-0.019334646262463,4.3460055e-08,0.0173208123849084,-0.879628854849736
0.055071,1.0560549,0.92918402,0.4896237,-0.0205374397337437,0.0500724278390408,-0.012749052184299,-0.0189369826194983,2.3277071e-08,0.1118409978534216,1.26912089470022
0.090717,0.77178055,-0.19084355,0.28601924,-0.0309804286807775,0.018059425159461,-0.0184025495308135,-0.0222881130215517,1.7045933e-08,-0.0050005890129043,0.439889271129956
0.148441,0.6692161,-0.30106276,0.021306733,-0.0596233978867531,0.0004764157476731,-0.0227490157407749,-0.0213438990514471,1.362242e-08,0.0024180994925546,-0.789360210037678
0.00958,0.79433268,-0.14632432,0.10213584,-0.0256991814821959,-0.0122277991419348,-0.0108284767068044,-0.0132627745658778,2.7856018e-08,0.1268187209369155,0.0424453731743829
-0.037197,0.90648341,1.0575163,0.46623197,-0.0716733932495117,0.0758648669968049,-0.0327579659132536,-0.0300143420875338,7.1204749e-09,0.0111313459223229,0.10302555810063
0.009639,0.7585746,-0.1102957,0.23,-0.0536352545022964,0.0525863972078595,-0.0303757439787175,-0.0362659724558234,5.6188934e-09,-0.0182255065741087,0.163072684479341
-0.133358,0.6670354,-0.13771719,0.1789652,-0.0290102511644363,0.0227225905594726,-0.017902290498047,-0.034271877829918,1.7822478e-08,0.0619953351380106,-0.0235996295156305
-0.014446,0.87756604,-0.086446136,0.056032732,-0.0175812430679798,0.0061951886293375,-0.0089421124926275,-0.0135014590339066,5.807772e-08,0.0701011186961241,-0.11198540504084
-0.07732,0.80820614,-0.088469222,0.054023024,-0.0444177538156509,0.0077664948379,-0.0173049511751133,-0.0187419434527191,3.3110041e-08,0.0088186379846023,-1.03459378264586
-0.002619,0.53943008,-0.411347,-0.12898132,-0.039922509342432,-0.0149677416516675,-0.021335579552866,-0.0259079700755282,1.3317325e-08,0.1243513829936562,0.0031419557878021
-0.062291,0.55103242,-0.33310995,-0.032101169,-0.0457933247089386,0.0364207302530607,-0.025774393457167,-0.038368117563041,7.4166753e-09,-0.0107321855121942,0.153379125065064
-0.02812,0.68080807,-0.1916382,-0.23688057,-0.0408963337540627,0.0098147187381983,-0.0192176046231796,-0.0257883666019029,8.9592351e-09,0.0913035339257831,-0.62494914097449
-0.055165,0.83820462,-0.021845588,0.11125652,-0.0300601199269295,0.0042170099914074,-0.015991395730927,-0.0161894905344434,3.2410984e-08,-0.0245214621358163,0.317062305912416
-0.010984,0.87224662,0.18937325,0.43862921,-0.0773361176252365,0.0303792156693008,-0.025326066935429,-0.0338934709415464,5.4617285e-08,-0.0103156409403753,-1.28745217839003
-0.10836,0.67967194,0.11078115,-0.099885888,-0.0230295490473509,0.0123067761047019,-0.0251130209639549,-0.0182481044693595,1.1328215e-08,0.0669949443286023,2.66284787289054
-0.0739409999999999,0.56091815,-0.12585038,-0.33933166,-0.0557377338409424,0.0252542464683453,-0.0240475096121475,-0.0586061282730308,6.529846e-09,-0.0187759961312016,-0.347232260258569
-0.088379,0.63434577,-0.20666666,-0.011627925,-0.0464285425841808,-0.0005156909141483,-0.016673616079037,-0.0236652223980352,1.7119106e-08,-0.0194693897501566,-1.03187698044405
0.016777,0.81397969,-0.16557901,0.089372523,-0.0185908284038305,-0.0034238423945175,-0.0083794563537932,-0.0122920990861338,3.3394866e-08,0.1776140742725984,-0.657326827150395
0.094884,0.95500118,0.017577065,0.0072439481,-0.0334354601800442,-0.0036287077624972,-0.0148608497698189,-0.0179602872456796,1.5115583e-08,0.0486715519573629,0.121278309633348
-0.008894,0.75494409,-0.21808192,0.47248951,-0.079950749874115,0.028427925064332,-0.032485141055947,-0.0271989087058939,4.4183807e-08,0.0109490693236391,-0.990763830954948
0.017011,0.70872486,-0.18191379,0.19416736,-0.0524320863187313,0.029234254732728,-0.0228977152555716,-0.0300435649323215,5.6119105e-09,-0.0172912234933639,-0.569057801648338
-0.21302,0.78796363,0.77957666,0.36746415,-0.0381205938756466,0.0540149115646879,-0.0257168585369879,-0.0422390982914794,1.3293268e-08,0.0161835490934808,-0.31393451218447
-0.039147,0.78552562,-0.10428739,0.19844966,-0.0418488495051861,0.0464594455228911,-0.0265298683386375,-0.0384903154722807,1.8955065e-08,0.0258580519271014,0.130520403436529
0.08402,0.65563393,-0.36082739,-0.14994164,-0.0449796654284,-0.0126177991429965,-0.0225990104795434,-0.0207238776039666,1.0575614e-08,-0.033605883476483,0.134699461142138
-0.003525,0.69839859,-0.29982206,-0.1184542,-0.0344403125345707,-0.0151406693168812,-0.0196005918740928,-0.0266889404221239,3.333793e-08,0.0088186379846023,0.589510015657461
0.050868,0.91656703,-0.11529127,0.1516588,-0.042275995016098,0.020928757575651,-0.0175239383092085,-0.0196346233499053,1.1034778e-08,0.1293377117206379,0.138831022166586
-0.112156,0.8713671,0.16758104,0.42159015,-0.0402152799069881,0.0529325715680089,-0.0230552545195373,-0.0272459803990559,4.5511284e-09,0.0292766300992319,-0.614941311977837
0.014272,0.84072328,-0.13034774,-0.10429775,-0.0464982464909554,0.0003289038625856,-0.0195826677972863,-0.0194280093923385,1.1401963e-08,0.0169764336039187,-0.784797281594634
-0.063192,0.59537917,-0.29572836,0.38339078,-0.0318021737039089,0.0103860423486266,-0.0235088824117492,-0.0379522589538786,1.1283065e-08,0.0152888180735087,1.23935692491559
0.265875,1.1172472,-0.10517243,0.28944096,-0.110723577439785,0.0150215459159679,-0.0322487260845425,-0.0293759979769994,4.3181604e-08,0.0410383729253053,-1.370329342003
0.008506,0.94348711,0.083113126,0.21192209,-0.0429396480321884,0.0115900943831851,-0.02124958402443,-0.0167366667317347,1.8370161e-08,0.0653316693023083,-0.266404780447561
-0.064623,0.86228019,-0.017108962,0.11716171,-0.0194319188594818,-0.0051013426855206,-0.0115337491587476,-0.012226588527697,2.6491216e-08,0.1925206511807269,0.0088079780858809
-0.154317,0.58835214,-0.25317422,0.18688531,-0.0380952022969723,-0.0045939542146193,-0.0399930034369959,-0.0354943572859136,3.1445641e-08,-0.0103156409403753,3.15544746566163
0.023112,0.97160769,-0.013032813,0.23149772,-0.0238907523453236,0.0106599724127187,-0.0100687357328741,-0.0143409165107375,2.294076e-08,0.0488542911484871,-0.273220430435133
0.007398,0.69337171,-0.29823527,-0.005833311,-0.0469404384493828,-0.0219371296051476,-0.0182139539807585,-0.0233231806080302,1.5853461e-08,0.054576732037175,-0.920100965852183
0.240722,1.1143247,0.24547461,0.21562459,-0.0725760757923126,0.0172418631199333,-0.0258592006165013,-0.0207697541939153,6.5113785e-09,-0.004158031424763,-0.378469471223604
0.038268,0.74731183,-0.19346736,0.038834915,-0.0584905855357647,-0.0075709968287912,-0.0247691149013183,-0.0213116661743692,2.5893296e-08,-0.0056171180956288,-0.130886789083049
0.106743,0.94196635,0.064225681,0.12215186,-0.0607374683022499,0.0113783525303006,-0.01942435095227,-0.0193945765671636,1.0375262e-08,-0.0112262860639021,-1.00556137897664
0.009429,0.85511142,-0.072528668,0.050823059,-0.0169869977980852,0.0165193345552931,-0.0090166525693624,-0.0189302839273653,4.126969e-08,0.0602847078064781,-0.48338604939495
0.015967,0.91103965,0.3278071,0.0076580234,-0.072784848511219,0.0392010507380797,-0.0271717435091344,-0.0201368973501224,2.0062674e-07,0.001737720079963,-0.418224222064356
-0.078114,0.92286992,0.69911188,0.30662382,-0.0281070992350578,0.0551373530179262,-0.0139242761573528,-0.019804904944974,1.0808808e-08,0.0096572524924503,-0.204343004783576
-0.032694,0.77200907,-0.16438518,0.16247489,-0.0192525573074818,-0.0019605477961401,-0.0152723854834514,-0.0194357579695436,1.5761325e-08,0.001737720079963,0.225392353839994
0.5531900000000001,0.97765362,-0.155922,-0.16095379,-0.0977564379572868,0.0869965478777885,-0.0293954447200136,-0.0479935305625483,5.9678271e-08,0.0542513269069605,-0.949971920932185
0.23745,1.0220264,0.10174478,0.034990806,-0.114886738359928,0.0261636256343789,-0.0332881343253936,-0.0365530740860879,2.4644219e-08,-0.0103156409403753,-1.10645945258103
-0.065817,0.72121215,0.17824072,0.15681818,-0.072198286652565,0.0226553558475441,-0.033284653672665,-0.0321550634257648,2.5251556e-08,-0.003496987606726,-0.51595845538531
-0.028995,0.97198927,0.20859076,0.14594629,-0.0150050269439816,0.0120586425893837,-0.0090719366266777,-0.0130437374128657,3.2333141e-08,0.0039094195328652,0.334960010399532
-0.015854,0.83333337,-0.063893348,0.28826106,-0.0319878198206425,0.0511933126383358,-0.0135346641742825,-0.0227145155202566,1.5984734e-08,-0.0057635303021712,-0.318663219081669
-0.131086,0.75126678,0.024821168,0.18833902,-0.0352294929325581,0.0400603222919421,-0.0230356402752412,-0.0283838011097084,3.9004098e-09,0.0123789121820238,-0.466967925284963
0.004833,0.87199759,0.010854628,0.18795632,-0.0225122533738613,0.0015985858109262,-0.0137606959079677,-0.0134570569955317,4.8506291e-08,-0.0121632354465858,0.446373626832689
0.025295,0.63418806,-0.31383869,-0.034018364,-0.0412863455712795,-0.0250054262578487,-0.0198393833902743,-0.0162882284052098,1.9498978e-08,0.1006308535537592,-0.142948877202788
-0.03813,0.82683545,0.021686662,-0.0087669017,-0.0577381700277328,0.0303098611119721,-0.0250208683119811,-0.0260481571542642,1.004637e-08,0.0022905822217116,-0.946990783782031
-0.009239,0.81263888,0.72357708,0.18270564,-0.0642575323581696,0.138592835101816,-0.030376085597489,-0.0508474966188782,2.0314138e-08,0.0392582476962039,-0.316721968435387
-0.005763,0.96366757,0.036654308,0.037328932,-0.0173593144863844,0.0134329880691237,-0.0075007898142831,-0.0114097628084516,3.5886622e-08,0.0254781058555126,-0.187094671180502
0.023446,0.98795819,0.064633586,0.12573865,-0.0316911451518536,0.0100210665776912,-0.0116442071203957,-0.0146502297990495,9.3595824e-09,0.0912735911021442,-1.10073671866008
0.077506,1.0784901,0.15103452,0.36803284,-0.111826688051224,0.0423529434742199,-0.0365480935288886,-0.0315860428123348,9.7024495e-09,0.0640268005081452,-1.12406964707216
-0.075252,0.90131855,0.077322774,0.06527248,-0.0365297347307205,0.0318258008402255,-0.0184705360335072,-0.0202703761791182,1.4350596e-08,0.0484827254883199,-0.16279674403152
0.2089279999999999,0.89056796,-0.16296297,-0.14316049,-0.0500869750976563,-0.0192266735248268,-0.0219206100292768,-0.0216931221344482,1.3797951e-08,0.0951481851571436,-0.247872165015402
0.1976969999999999,1.0930299,0.12903227,0.30522084,-0.0575692281126976,0.0326926803423299,-0.0276910042444193,-0.034634285088023,5.9482699e-09,0.0433601489710634,0.342221733780549
-0.063921,0.93184978,0.23039231,0.19416694,-0.0625000447034836,0.0359110425536831,-0.0219092738825296,-0.0162803388695554,1.3987253e-07,0.0173208123849084,-0.592362932459423
0.078224,0.50114948,-0.49782476,-0.18630417,-0.0528168752789497,-0.0378036182373762,-0.0213036985227769,-0.0334705081039356,3.0448785e-08,0.0173208123849084,-0.60161903790559
0.022237,0.81023043,-0.17481527,0.045110919,-0.0179514735937118,-0.0094284147489816,-0.0100046269939607,-0.0155956732575335,4.5274241e-08,0.0183361954545649,0.625032086002919
0.010752,0.77390391,-0.14094116,-0.0087980563,-0.0244033206254244,-0.0009595866108106,-0.0178282004566742,-0.0136952546236927,3.366392e-08,-0.0141717017400893,0.24318390820977
-0.000984,0.65564418,-0.30028471,0.17679071,-0.0734265893697739,0.0087352982825703,-0.0354002721202509,-0.0343661908333969,7.4398983e-08,0.001737720079963,-0.827519190310831
-0.020127,0.94010621,0.077331617,0.055340149,-0.0297420863062143,0.0024057032747401,-0.0121876506698397,-0.0135188813750164,1.9478122e-08,0.2505186002251006,-0.789082435179525
0.032845,0.92944032,0.13692307,0.35596332,-0.0893616452813148,0.0928999367687437,-0.0365277351731272,-0.0457274328663448,1.6732079e-08,0.0410383729253053,-1.28490669536355
-0.065106,0.76465696,-0.12001792,0.0030627735,-0.0235174335539341,0.0097162191652589,-0.0190644745514628,-0.0231282581139494,1.4831058e-08,0.0208299493944617,0.985921507706419
0.076149,0.80030376,-0.095443428,-0.079418428,-0.035113800317049,0.014494145496024,-0.016563813379962,-0.0221541407860468,1.9927752e-08,0.0433601489710634,-0.175774066578281
-0.043343,0.90046161,0.042774569,0.015938839,-0.033586572855711,0.0229234846515788,-0.0160197469221195,-0.0192997597873316,1.3400923e-08,0.0657019761153617,-0.644574538126955
-0.195769,0.24590163,-0.64331031,-0.042584427,-0.0548147968947887,-0.052017448676957,-0.0329243914697473,-0.0356815450193322,6.8960575e-09,0.0645133295199937,-0.0727934068995531
-0.077848,0.9057315,0.37381205,0.20462963,-0.0430107116699219,0.0447336113494304,-0.0193028125732609,-0.0252074300301735,1.2849852e-08,0.024085599267166,-0.476600765647059
0.097018,1.0980018,0.42315504,0.30884191,-0.0706406831741333,0.0583471216054426,-0.0281988730327157,-0.0247291476186195,3.5773226e-08,0.0373585563966868,-0.878955816371574
0.034522,1.0355064,0.90395278,0.67337668,-0.0553839541971684,0.0971614031328095,-0.0267359471185125,-0.0311715450778089,9.3314378e-09,0.0206699770096253,0.100499970974144
0.395257,0.77750605,-0.41220954,0.048698287,-0.070175439119339,-0.0021063623329004,-0.0278636300576033,-0.0344851573327016,9.1729255e-09,0.0436694677626839,-0.0729194454511967
0.284961,0.78192532,-0.32717386,0.52088445,-0.0609374791383743,0.0402492632468541,-0.030811125470334,-0.0553906049101534,1.0710846e-08,0.054576732037175,0.64601646251443
0.068003,0.72385287,-0.24441715,-0.12859207,-0.025641031563282,-0.006213158989946,-0.0152887820416497,-0.0200161880388647,1.9847098e-08,-0.0037048691819553,0.162698054818044
-0.033332,0.96765256,0.43311247,0.76221496,-0.0421859622001648,0.0784482837965091,-0.0200178858794204,-0.0408141455961681,1.465896e-08,0.0074035726127661,-0.251582709431194
0.027838,1.0288221,0.43010753,0.6624999,-0.0613764263689518,0.0887326160445809,-0.0295458489567283,-0.0403307063307996,2.1354067e-08,0.0554633085223341,-0.133576866345708
-0.043484,0.53547961,-0.33701658,0.36674264,-0.0917207896709442,0.0143869478488341,-0.0355689406053757,-0.0368958123558394,1.2431912e-08,-0.0182255065741087,-0.376806428028778
-0.021237,0.87633669,0.15946634,0.064495146,-0.0134808700531721,-0.0023579165960352,-0.0073190071540395,-0.0212097905351461,2.2023659e-08,0.10564927310228,0.0046943589301025
-0.105887,0.76800168,0.023895675,0.058911555,-0.0684930980205536,0.0389220126801067,-0.0362480494704173,-0.0239056740606731,3.5140635e-09,0.0015336249462367,-0.250154293508687
0.121097,0.57259572,-0.43023789,0.27469814,-0.0667111426591873,-0.0285196974873543,-0.0295964368429251,-0.0352819919143049,6.3768804e-09,-0.0161337741922277,-0.710593456445725
-0.117675,0.88330877,1.4630977,0.60263777,-0.0390929020941257,0.103933165600109,-0.0290332462524267,-0.0292324117282805,6.0036838e-09,0.0264079239353558,0.0877044419834204
0.02965,0.6859917,-0.20240086,-0.0021738184,-0.0358399674296379,-0.0082855995537506,-0.0134396992978603,-0.0147143800163569,3.9683101e-08,-0.0042460811324418,-0.778977617669451
0.094698,1.068105,0.23958038,0.10162417,-0.0227814987301827,0.0225617383192811,-0.0114219671938265,-0.0134747119314666,1.489967e-08,0.1417804705526289,0.554756826021117
0.027887,0.92964429,-0.013537209,-0.05925921,-0.0215764734894037,0.0011406141436762,-0.0100431774981944,-0.0177417239340849,0.1666667,0.001737720079963,0.0830105877578571
0.072962,0.83348203,-0.13935554,0.050400227,-0.0571536794304848,-0.0089586741394467,-0.0240681122523603,-0.0187096915118292,1.6239808e-08,0.0855707068560094,0.209825268933974
-0.003912,0.66948938,-0.074160159,-0.24490318,-0.0621762089431286,-0.0159754426115089,-0.0254235468784836,-0.0297087045209123,1.306192e-08,0.0536890334271247,-0.601068306250831
0.1658019999999999,1.0605074,0.19503859,0.054339651,-0.161174714565277,0.049869493374394,-0.0470981358542131,-0.0303568015099847,2.518828e-08,0.0113452899386175,-1.93563794755191
-0.029736,0.9447034,0.047475208,0.078437746,-0.0134913166984916,0.0061370787928657,-0.0081437803091689,-0.0118262395836459,3.8062829e-08,0.104877101153554,0.153830135704941
0.066322,1.0259907,0.098795265,0.15736626,-0.0373489744961262,0.0278146413879262,-0.0142609979469769,-0.012790840336901,1.7750013e-08,0.0555909151651899,-0.918255037678738
0.073745,0.64862633,-0.34240422,-0.076780409,-0.0369523540139198,-0.0247225622749991,-0.0163130221858162,-0.0256188629768946,6.6235577e-09,0.0103953215319295,-0.0670050043075305
0.437201,1.1444583,0.01428567,-0.053333357,-0.251948118209839,0.0025946265862634,-0.0745735814928994,-0.0459061458365512,3.7683254e-08,-0.0182255065741087,-2.04509318055824
-0.035984,0.94299674,1.1818181,0.99667215,-0.0693400055170059,0.107705931696627,-0.032369479122072,-0.0413317150648287,1.508073e-08,0.0472862529059057,-0.0888657745180292
-0.007234,0.65702474,0.013941729,0.4159292,-0.0602094940841198,0.0456014409040411,-0.0312295032039925,-0.035035819610489,1.2696292e-08,0.0123606776314507,0.330367574608637
0.032252,0.89349109,-0.096289761,-0.035815269,-0.0362463481724262,0.0196323489977254,-0.0172508827502458,-0.0203944758183528,1.8059517e-08,0.1293302488254823,0.270837167880624
-0.012849,0.9228723,-0.017851533,0.011687435,-0.0180454775691032,0.0114212466158076,-0.0105218282508672,-0.0133988835129423,2.8855755e-08,0.0530691815571982,-0.217118720003934
0.043702,0.92719549,-0.10333775,0.038197245,-0.020264932885766,-0.0061591139658251,-0.0159151527175499,-0.0142881815314795,1.9706466e-08,0.0027740766183122,0.920847617490312
0.075939,0.79333329,-0.032116778,-0.16603771,-0.160317420959473,0.0294294067555004,-0.0511091238957221,-0.0536435746174623,1.1404213e-08,0.039393737539649,-0.978181803410877
0.079073,0.42081946,-0.55864519,-0.32469609,-0.073078528046608,-0.0492632439773944,-0.029694994996278,-0.0385942496452464,5.0184497e-09,0.0373148360163098,0.116640028028037
0.2205639999999999,0.96062052,0.084327482,0.60731715,-0.140525013208389,0.073200684454706,-0.0525765157344144,-0.0568534067701311,6.5848322e-09,0.0615711714823677,-0.778253642990934
0.033177,0.59517425,-0.32846722,0.35237294,-0.136807844042778,0.173705379168193,-0.0562461237714997,-0.0645045655066381,0.16666676,0.0237561524601563,-0.276722753415467
0.057744,0.92777944,-0.036874991,0.26779106,-0.0834908485412598,0.0352443097573188,-0.0314780723507016,-0.0257594264768533,7.5154256e-09,0.1538634864597819,-0.453432339003836
0.012483,0.98770833,0.088581122,0.0085888691,-0.0197125058621168,0.0151933081344598,-0.0095373661279229,-0.0127285515164038,2.2801887e-08,0.1171057487910592,0.302459270045108
0.037785,0.83424908,-0.12357425,0.18629976,-0.0554561614990234,0.0125362129054136,-0.0250503314696347,-0.02941570550045,2.5832549e-08,0.0333508162777651,-0.2213146748343
-0.0187869999999999,0.94760954,0.059559636,0.16034894,-0.0349272415041924,0.0191294194923507,-0.0124223999421144,-0.0193948480105496,1.7363147e-08,0.0925985637222054,-0.90141392219494
0.01798,0.58775508,-0.30396464,-0.013551227,-0.054702203720808,-0.0227020065714088,-0.0210305472253091,-0.0185375296106978,1.0189293e-08,0.0536890334271247,-0.811791598276462
0.042273,0.85671645,0.0182925,-0.040125601,-0.0274591241031885,0.0045600709401899,-0.0155734891159409,-0.0183903541649358,1.2781761e-08,0.0080404902577136,-0.0626923638758482
0.006113,0.9182353,0.22723673,0.023102341,-0.0626582726836205,0.0371592492382559,-0.0274705153321802,-0.0255578211963967,1.3124271e-08,0.0577173030618835,-0.483905309402793
-0.012019,0.97060347,0.21519801,0.2771813,-0.0755846276879311,0.0438447460118267,-0.0229325476086635,-0.0260240335021929,1.1222422e-08,-0.0627899959530843,-1.5384351902672
-0.137232,0.71392405,0.21412639,-0.073737912,-0.0282131545245647,0.0328172000332011,-0.0253259007306678,-0.024695336017521,9.3257286e-09,0.0024284641188104,1.29827615110938
-0.020351,0.92160732,0.0085613942,0.05646326,-0.0195210371166468,0.0041162133630779,-0.012567211500318,-0.0121048828692346,2.0241389e-08,0.1913615708639915,0.0985602235817448
0.16635,0.75905293,-0.1697778,0.010822545,-0.0835117474198341,0.0678693768050936,-0.0442729931414422,-0.0376540987052471,6.0027268e-09,0.0082123999303408,0.140118514589787
0.164326,0.94779658,0.045296185,1.2857143,-0.0630557611584663,0.098697927263048,-0.0405828491901645,-0.0441943742553849,5.6904814e-09,0.016372438050579,1.19713913299805
0.041505,0.60551989,-0.24343511,-0.019254548,-0.0435643717646599,0.0170537180319015,-0.0187136153159374,-0.0237014953997824,1.2948836e-08,0.1161725993414896,-0.343045181191678
0.036363,0.8780182,0.68750006,-0.039145876,-0.140939623117447,0.140011625571383,-0.0603331766805664,-0.0511383647904665,2.2574671e-08,0.117711450581649,0.54423703935097
0.015908,0.94505924,0.037249785,0.031578995,-0.0343434512615204,0.0162614908897214,-0.0176478538303925,-0.0169266208132086,4.5938535e-08,0.0792382568444895,1.02158908094509
0.030624,1.0309831,0.61065573,0.2428842,-0.079324908554554,0.0573289810369412,-0.0304952162988246,-0.0215687743558592,6.767908e-09,-0.0527112879542444,-0.248844083559329
-0.017471,0.93984163,0.77428949,0.50724822,-0.0428422801196575,0.0724995450841056,-0.0218737410748295,-0.0185461679499772,2.1015245e-08,0.0337150641405406,0.276915724967611
0.110128,0.75070709,-0.023012767,-0.12462804,-0.0443425290286541,0.0160161757634746,-0.0196791381341834,-0.0250456984639472,8.9045304e-09,0.0498906290047269,-0.71587937660323
0.073191,1.0131779,0.16271077,0.20290788,-0.0357598885893822,0.0188082964418249,-0.0198338737884382,-0.0159317508983256,1.8524377e-08,0.0487550112707902,0.488866475521613
0.009208,0.87980127,0.037254393,0.3187969,-0.023639814928174,0.037070034382244,-0.0167378502269874,-0.0217865742103105,1.7150054e-08,0.0346929545288107,0.417895212148176
0.132825,0.854375,-0.031325262,0.21572585,-0.0454545803368092,0.0352353489336868,-0.0241339235397409,-0.0292128940467178,1.8268565e-08,0.0198325951562035,0.240205365324988
-0.009042,0.86470056,-0.082631491,0.2574797,-0.0360787063837051,0.0218624098019467,-0.0148676283787937,-0.0127374997826328,4.8187225e-08,0.0680503869612757,-0.896532820679888
0.116002,0.93881601,-0.10687614,0.026607066,-0.0577427670359612,0.013507360437264,-0.0197135502165573,-0.0177470788981427,1.1674608e-08,-0.0761045145635839,-0.909094464396158
0.13079,1.0425087,0.20050447,0.31545898,-0.0661921203136444,0.0438101128157642,-0.023328580363704,-0.0225319418027499,1.4850665e-08,-0.0022370525841033,-0.845572518888132
0.117869,0.90536976,0.0076712184,0.25700611,-0.0424143932759762,-0.0040096973793374,-0.0190687199284455,-0.0203097602862485,1.5898433e-08,-0.0060469664146071,-0.449352166457143
0.2053249999999999,1.0360156,0.76703554,0.35506928,-0.0680900365114212,0.075293388010727,-0.0276651850441132,-0.0271773253520811,6.4716064e-09,-0.089337795855848,-0.136689643443959
0.118436,1.040146,0.70155907,-0.026751602,-0.056746568530798,0.0758922783037027,-0.0267070040939152,-0.0445436902877793,1.620923e-08,0.0818421146742323,0.197257895152086
0.042884,0.95187461,0.68911922,0.26848242,-0.0429448336362839,0.0806989975066649,-0.0239995030777989,-0.0298055104444357,2.3664203e-08,-0.0392042835301254,0.157503457780215
0.050091,0.90143847,-0.0012019757,0.085645698,-0.0250232126563787,-0.0061343379525675,-0.0087383705259801,-0.0116324716717841,2.5092948e-08,0.1683236677834035,0.0465462283868166
0.027329,0.79700685,-0.1024107,0.037599571,-0.0336879007518291,-0.0052145199927812,-0.0114706808180386,-0.0129373820140984,2.7100798e-08,0.0106724249544398,-0.513803707448635
0.071483,0.95814699,-0.013062848,0.24211195,-0.043243270367384,0.0145311107238134,-0.0162277791033101,-0.0181245994125758,1.6082112e-08,0.1001937722674885,-0.650701933417195
0.030055,0.8561576,-0.057841994,-0.038592521,-0.03121392801404,0.0015574642974469,-0.0147814319959687,-0.0175987618643837,3.6571983e-08,0.0080098789291118,0.141396264946864
0.045544,0.82999998,1.0695651,0.030303033,-0.0680555924773216,0.0488584298226568,-0.0313155677489998,-0.0472848491483528,1.1807156e-08,-0.0518455125391483,0.13463894475738
-0.023866,0.92506456,0.35791045,0.24448219,-0.0796161368489265,0.0818513603881001,-0.0316402846904419,-0.026603126264637,1.6442548e-09,0.189502483155721,-0.9612900009246
0.211553,0.78418076,-0.037815113,-0.17921147,-0.0871632620692253,-0.0294073794244064,-0.0259445342654035,-0.0320342495784179,1.6691105e-08,0.0933617482239262,-0.999374796527928
0.112074,1.0110594,0.42557079,0.0032133232,-0.0412698164582253,0.0641490370035172,-0.0225530746027513,-0.0243514068907019,1.4237114e-08,0.0347341653471945,0.0426592709116001
0.067767,1.064394,0.1846846,0.4530386,-0.0956974029541016,0.0594118087449008,-0.0394174183332454,-0.0304712617612273,3.081292e-08,0.0818421146742323,-0.944923678850212
-0.002339,0.87838829,0.19992013,-0.0016624744,-0.0359589084982872,0.0562371993437409,-0.0208356428961381,-0.0233081395288998,1.3296682e-08,0.0605274499705069,-0.120091023227699
0.012062,0.99206048,0.10490401,0.3328189,-0.0569571778178215,0.0363968803236882,-0.0302632090712003,-0.0244900686686551,1.9452367e-08,-0.0050922888229449,0.681318907929748
-0.109679,0.77385622,0.1462684,0.065556437,-0.0157024450600147,0.0409382290931212,-0.0225224929700425,-0.0173604340445927,1.1242454e-07,0.0994662390090525,3.28164736621022
0.255201,0.82410049,-0.1733813,0.30716723,-0.0861326456069946,0.05047639796976,-0.0372307924056887,-0.0342660773430391,1.3156196e-08,0.117711450581649,-0.343165791351963
0.1511819999999999,0.71859646,-0.2324592,-0.036698584,-0.044198852032423,-0.0119006558217936,-0.0186868033865622,-0.0337800114006476,3.1516102e-08,0.0271434471942484,0.56735318816251
0.083295,0.97671956,0.40049347,0.5446713,-0.0520163290202618,0.0741490717045963,-0.025851100716914,-0.0323865747014597,5.4159073e-09,0.117711450581649,-0.455233463712829
-0.133849,0.70441586,0.7668066,0.046019882,-0.0602739118039608,0.173654482079049,-0.0271322783607107,-0.0464904298380506,1.8537161e-08,0.0756418338707207,-0.0690090168516377
-0.065844,0.8903448,0.098647624,0.17627016,-0.0358860269188881,0.0032001744127936,-0.0196446739671608,-0.0184694427462724,1.0687251e-08,0.0334532485785894,0.34116257650121
-0.043111,0.91286308,0.47039995,0.53678924,-0.0936794504523277,0.0678686515893787,-0.0446121807063888,-0.0416308604656071,3.1748421e-08,0.117711450581649,-0.434477180054379
0.015563,0.96727276,0.396,0.35974032,-0.0750915482640266,0.110850178740091,-0.0330868160381243,-0.0390662240957116,1.4740961e-08,0.0167116827046988,0.0915008749016036
0.387484,0.69499338,-0.47465444,-0.3815943,-0.269380658864975,-0.0339737995010283,-0.0639533863103033,-0.0428507780333403,4.8472142e-09,0.1044791775393446,-2.79655362312075
0.1362199999999999,0.99945605,0.20226252,0.24134761,-0.0727217867970467,0.0638871776043541,-0.0284929848819205,-0.0244357581230834,4.5899542e-09,-0.0118963377292958,-0.454198221431518
-0.002303,0.99837142,0.63297868,0.31759658,-0.0484261028468609,0.0717061650939286,-0.0170130676930737,-0.0275858719266653,2.7990165e-08,0.1091428487550568,-1.0808716533233
-0.03018,0.8999415,-0.01522993,0.071238317,-0.0152886640280485,0.010762287549571,-0.0090495698293742,-0.0136300292098893,3.1309533e-08,0.0149390019867967,-0.107625174247724
-0.076733,0.89405853,0.13381033,0.11817601,-0.0286624021828175,0.0144922813762807,-0.0151408960605796,-0.0157741649266346,3.5010583e-08,0.0253502117362549,-0.325288835597006
-0.076502,0.72463471,-0.0081852833,-0.053513125,-0.0203859731554985,0.0008807322010398,-0.0110223893967489,-0.0146989544487473,1.9969363e-08,-0.0208037449728972,-0.556187012966853
0.077156,1.020469,0.17195004,0.13899489,-0.0263463892042637,0.0207085659106572,-0.0111111820273665,-0.0120286789889992,2.0678224e-08,-0.047195134942445,-0.252601087710332
-0.008976,0.91252863,0.018180426,0.047846917,-0.0328293852508068,0.0073723755776882,-0.0143101564501027,-0.0157458086923352,3.2089126e-08,0.0038803063101948,0.0124611500305906
0.243471,1.1802347,2.0637197,0.8042596,-0.14700298011303,0.103238754388359,-0.0344052379278367,-0.0242763090710364,7.7760545e-09,0.0492456237462785,-2.89686834433506
0.048738,0.9560557,0.36318865,0.0048277359,-0.0434782616794109,0.04096417936186,-0.0246654619041875,-0.0201262587483885,2.0430639e-07,0.0792382568444895,0.761866985964072
-0.0018909999999999,0.97970146,0.25419846,0.33252233,-0.0315151810646057,0.0575939282102303,-0.0178746798576766,-0.0298367135722827,2.3659247e-08,-0.0154879207922735,-0.0154502598878961
0.020305,0.9201681,0.12209862,0.079312041,-0.0347334668040276,0.0067857814331849,-0.0169045225098851,-0.0134417356053851,4.0945853e-08,0.04668583772385,-0.3312136577668
0.069854,0.89330143,-0.089295007,0.17754297,-0.0263760928064585,0.0024531314977341,-0.0156667068868594,-0.0196530621367641,3.7727663e-08,0.0222034572582666,1.13409586374163
0.008827,0.91201723,1.1589743,0.37133554,-0.104422532021999,0.113375228726202,-0.0578124375889399,-0.0379061963704279,1.3989997e-08,0.117711450581649,0.367160391688707
-0.000674,0.73214287,-0.035294138,0.32901129,-0.0707850307226181,0.0299878919290172,-0.0272040430634805,-0.0355504563439233,3.9188425e-08,0.0824863760636937,-0.510664913172657
0.3315059999999999,0.83243239,-0.27848744,0.075811885,-0.347753763198853,0.0107115130457613,-0.0753326780503335,-0.0333128830909676,1.451524e-08,0.0606927627290299,-4.16054778744951
0.049106,0.87310982,0.12634192,0.1366667,-0.0937280431389809,0.0384679595396544,-0.0270308557741425,-0.036015907487563,3.5411436e-08,0.0300140849625071,-1.51903567420519
-0.1201719999999999,0.771649,0.055290177,0.24278723,-0.0196517631411552,0.0332384256439077,-0.0184872732821463,-0.0250180034682791,2.1201727e-08,0.0269919154909137,1.19523048538573
-0.054465,0.89684623,0.14099751,0.14306179,-0.0060757710598409,0.0101684594733848,-0.0047574533357214,-0.0112513060437589,3.1680898e-08,0.0051524070246766,-0.242834884386496
0.098435,0.74385893,-0.091919795,0.10181089,-0.0471621342003345,-0.0069735824233956,-0.0173650830935661,-0.0187133532896818,1.1741086e-08,0.0373654366424171,-0.970155488728442
0.072135,1.0443299,0.43033633,0.42774215,-0.0331789366900921,0.052835481448306,-0.0170937666329234,-0.0124755971818173,1.3336431e-08,-0.0038641004986215,-0.0049487190392345
0.061447,1.0233982,0.035732333,0.12311437,-0.0305084753781557,0.0282555141796668,-0.0142645133138051,-0.0152481904290665,1.8451409e-08,0.0669218754146185,-0.136826359988637
-0.003298,0.80375415,-0.14326078,0.11494254,-0.0188429653644562,0.0076650974030296,-0.0088599513845224,-0.0134271387034206,3.9328249e-08,-0.0083444073796272,-0.518077032395571
0.116427,1.0377668,0.13376755,0.29833612,-0.041830025613308,0.0280317844202121,-0.0206531802724586,-0.0204305793437237,2.3506527e-08,0.0077870964846699,0.954840422456131
0.094564,0.86890823,-0.016215358,0.2503567,-0.0493273735046387,0.0275674354310872,-0.0225306332919866,-0.0215330771064301,1.244792e-08,0.0297292213204996,-0.0799984395610268
-0.020282,0.95508516,0.093404494,0.22172794,-0.0135064134374261,0.0293959141967611,-0.0081922191414889,-0.0142035646079316,9.5045518e-09,0.100108047781353,0.355665658567897
0.341113,1.2376397,1.1288345,0.87162888,-0.086977906525135,0.08684685619341,-0.0345439309574345,-0.0307650464292356,1.8081057e-08,0.0353464446632911,0.179389009670388
-1.500000000000004e-05,0.91269529,0.16823706,0.18082711,-0.0301242955029011,0.0454004246534573,-0.0133533714395865,-0.0228997126705945,2.64564e-08,0.0217590571069063,-0.376589778076801
0.091123,0.47859588,0.078008205,0.32129025,-0.0362791009247303,0.0034488702917265,-0.0244357023837117,-0.0419044707733925,6.9346906e-09,0.0818421146742323,0.688328913895345
0.156377,0.90931988,0.32765961,0.1559837,-0.200657933950424,0.190135538371073,-0.0682443371665617,-0.0641948086532605,5.572317e-08,0.117711450581649,-0.981479741830797
-0.031702,0.7850908,-0.053158961,0.15875988,-0.0431134589016438,-0.0006565022437523,-0.0143917055733298,-0.0148344187152666,4.4069346e-08,0.0682722117675924,-0.915494745049254
0.131577,1.0135365,0.10403726,0.15958227,-0.0444071814417839,0.0204666454551948,-0.022479840798659,-0.0186885765451303,1.3768648e-08,0.0484827254883199,1.64163798213199
0.0028369999999999,0.89369458,-0.02342858,0.30458012,-0.0328499712049961,-0.0015698625292215,-0.013619714520989,-0.0213386003493058,1.4863917e-08,0.0951481851571436,-1.05274745488623
0.5546500000000001,0.5085324,-0.58919376,0.76102936,-0.194444388151169,0.183116731544336,-0.0654194074818491,-0.127345626041486,9.0380308e-09,0.0824863760636937,-1.30091282587863
-0.012103,0.98857141,1.260982,0.55971479,-0.0707070007920265,0.115621257987287,-0.0348941916701044,-0.0460309017985096,6.0292422e-08,0.0188578987959772,-0.372106834402646
0.037752,0.88507462,0.10682608,0.027164405,-0.0255692284554243,0.0103178475466039,-0.0126594422752146,-0.0174582821711799,1.2534151e-08,0.016552244503233,-0.350985228937359
-0.051488,0.88149518,0.26800522,0.17066857,-0.0239794515073299,0.0322803336506089,-0.0138170440602482,-0.017726400965841,2.2709832e-08,0.0081707899982575,0.693674532890349
0.074422,1.0211062,0.097346589,0.023299471,-0.0322948470711708,0.0216349710244685,-0.0155596323546264,-0.0135123185141673,2.8473636e-08,-0.0157363347003631,0.798464993140947
0.3685569999999999,1.0818477,1.7464789,1.2674417,-0.10697677731514,0.120537252889739,-0.0397727704822972,-0.0326639989160735,6.7049548e-09,0.0611926680831544,-0.577156409498829
0.109389,0.75381333,-0.24514703,0.11129823,-0.0430702902376652,0.0027658117728101,-0.0173129922414618,-0.0158285960060841,1.9053502e-08,0.0392351025646084,0.307720851122525
0.195158,1.0951445,0.26521909,0.35562947,-0.0745185017585754,0.0565252127125859,-0.0225961478431145,-0.0257057945165177,7.021832e-09,0.1293302488254823,-1.01536342651151
0.0843,0.93404549,-0.058645919,0.10444332,-0.0542615950107575,0.0084883660181529,-0.0172144027479984,-0.0134963263089979,3.4342762e-08,0.0084292631676384,-1.25905534179047
-0.131031,0.58323348,-0.19022419,-0.074360609,-0.0359281077980995,-0.0072051224609216,-0.0247429814013175,-0.0225016383028878,1.9553829e-08,0.0792382568444895,1.25448247481652
0.034607,0.93982047,0.051918168,0.10739812,-0.0538720898330212,0.0245586776226345,-0.0152004731972966,-0.016727728729728,4.0087485e-08,0.0602847078064781,-1.73119506883366
0.009301,0.70028818,-0.26014763,-0.056470614,-0.0335731469094753,-0.000837092494799,-0.0221523664683042,-0.0224250119944729,1.4572299e-08,0.0626533213071525,0.501507638554068
0.0293569999999999,0.90709257,0.072386339,0.084136046,-0.0347169823944569,0.0221747803087864,-0.0186766568174964,-0.0133570509913735,1.6378017e-08,0.0671596030765582,-0.0632505287177479
0.024536,0.90954268,0.023329591,0.29001763,-0.0251397080719471,0.0123959158857663,-0.0123752724906954,-0.0184830093212042,3.8550056e-08,0.0506814425726506,0.74594357698193
0.076464,0.9785766,0.11954321,0.285054,-0.036628607660532,0.0243680199297766,-0.0134081455427137,-0.0140660130933594,1.9522069e-08,-0.0457189668773295,-0.424837535540561
0.1701669999999999,0.81775457,-0.20268255,0.071285568,-0.0644940361380577,0.0059910174459219,-0.0257677353315988,-0.0250854110911663,6.2431234e-09,0.0228068932629597,-0.371744913444369
0.094951,0.99541402,0.036326647,0.14401206,-0.034299410879612,0.0293988922688489,-0.0167537038808219,-0.0198285170017442,1.0359563e-08,0.0211439060457494,0.281562939466783
-0.006249,0.81907248,-0.046916872,0.16358759,-0.0228526517748833,0.0093246781163745,-0.0114734028290765,-0.0181162059640559,1.7922662e-08,0.0616064385644027,-0.230095979643605
0.053057,0.72617143,-0.12099124,0.12710279,-0.0332139544188976,-0.0047577623174422,-0.0171841641362625,-0.032621224844171,1.1416322e-08,0.0728563350004679,-0.641042419748384
0.089821,1.0840552,0.50412673,0.2424279,-0.0193916447460651,0.0380338735154106,-0.0107820847142783,-0.0131795023870912,1.4005487e-08,0.0946287947237126,0.414365799205913
0.218184,1.1654863,0.27427614,0.27399638,-0.0895293578505516,0.0516389200670852,-0.0223151663958696,-0.0141834824087622,1.6148528e-08,0.0146427897643297,-2.07122237682597
0.030496,1.001068,0.74249208,0.88589215,-0.0493827015161514,0.0479857954714033,-0.0278274888529285,-0.033741948613943,5.8048713e-09,0.0824863760636937,0.885052284645142
0.1653049999999999,0.80785716,-0.088345923,0.094808139,-0.0566960796713829,2.91779223416e-05,-0.0238967606803369,-0.0292535118702942,2.783327e-08,0.0099574716523859,-0.638746152419987
-0.126888,0.6563707,-0.096386783,0.027850861,-0.0383116975426674,0.0106402927388748,-0.0328606644654973,-0.0205822264523739,1.7611137e-08,0.0119462635109954,1.61745849631843
0.1768259999999999,1.1501832,0.57471806,0.42658308,-0.0880194753408432,0.0445218992988682,-0.0288377494665092,-0.0296553363926472,9.7139093e-08,0.051545288413763,-0.501070402180078
0.13832,1.0953467,0.10849087,0.20265914,-0.119128376245499,0.0186502821743488,-0.0356464475928699,-0.0225558905382059,2.028367e-08,0.0824863760636937,-1.04479279619328
-0.021114,0.87746483,0.00028785926,0.66263938,-0.0343053378164768,0.0595076030327214,-0.0225289661231149,-0.0340703218421866,8.4725436e-09,0.0189434924595819,0.544368545846206
-0.072404,0.76752293,-0.12385814,0.14146164,-0.0197368748486042,-0.0056662721132549,-0.0083504979650905,-0.0119702813835516,2.8025276e-08,0.1153494820359653,-0.684301136721531
0.101975,1.0082179,0.24133874,-0.055406597,-0.0685767531394958,0.0352453978525268,-0.0179941287311327,-0.0191872511521121,1.7802025e-08,0.1293302488254823,-2.04317624678629
0.011548,0.95945233,0.29477769,0.44,-0.0591215789318085,0.0775018124323752,-0.0242920398014359,-0.0293710581998609,8.9056869e-09,0.013072614685423,-0.119864431355841
0.018269,0.95902222,0.035271522,0.17207527,-0.0331335365772247,0.0080406963437175,-0.018046940633817,-0.0134270845369918,1.8798495e-08,0.0246700164807254,0.0199091768694424
0.052585,0.77479458,-0.14610279,0.11553451,-0.0327566936612129,0.0295354531457027,-0.0169307457143238,-0.0217324705151665,2.3245661e-08,0.0056654036130578,-0.537849289444041
0.409516,1.2757813,1.9022557,0.54399997,-0.124110728502274,0.135676433228784,-0.0426109119841349,-0.0417403366789073,1.1052935e-08,0.0933617482239262,-0.778755935186714
0.006829,0.91826773,0.041960366,0.24522108,-0.0303473453968763,0.0209580010010137,-0.0167070783324486,-0.0166940666985784,2.1773999e-08,0.0400692708883291,0.187302272991179
-0.095702,0.65589964,-0.17225608,-0.019855637,-0.0320442318916321,-0.0059176284121349,-0.0202601485181967,-0.0230365814973015,1.5718534e-08,-0.0429455589702619,0.276886327770065
0.054352,0.91012657,0.16847897,0.15676968,-0.027586180716753,0.0115839240865575,-0.0176585229276132,-0.0204179714926848,3.4186996e-08,-0.0010855846497287,0.346245534657388
-0.027508,0.92368102,0.16550945,0.061629664,-0.0218533501029015,0.0105388411320746,-0.0100303733457046,-0.0119757247594981,2.2775952e-08,0.1808898683626109,-0.27924315409442
0.044546,0.91596425,-0.095093369,0.090474337,-0.0182450897991657,0.0154870832338929,-0.0082055092896477,-0.0128710828189601,2.1641126e-08,0.0912432264491544,-0.174837398793882
-0.080604,0.53082705,-0.39625841,-0.10187864,-0.0412729941308498,-0.0378803963669472,-0.0490506661678409,-0.0398646796313424,1.5603129e-08,0.0018355023129882,3.18218774305244
0.121065,0.76331359,-0.15672764,-0.031108968,-0.09430892765522,0.0128093684713046,-0.0394132765955057,-0.0344648965376831,7.5324635e-08,0.0792382568444895,-0.596914372242599
0.2278609999999999,0.97641742,0.065232009,0.32330826,-0.101186692714691,0.0462869041495853,-0.0312429045321077,-0.0274112816761909,5.7432339e-09,0.0307526760027016,-0.937591668585511
0.105307,1.0927942,0.24901697,0.32729805,-0.0518368780612946,0.0351690743118525,-0.0236372859409272,-0.0189615465015181,7.5254478e-09,-0.0161337741922277,-0.671999885799115
0.339999,0.72945094,-0.30633926,-0.10653391,-0.131267607212067,-0.0041074213675327,-0.0411197758502305,-0.0223281622415728,9.1350385e-09,-0.0226203358307897,-2.02719515692694
0.155839,0.92521012,0.22051284,0.22838715,-0.103908501565456,0.0328875858750608,-0.0436338647256191,-0.0327560206690531,2.5904994e-08,0.121269494207022,-0.167632257796646
-0.053228,0.90538371,0.12757464,0.27248541,-0.0333115346729755,0.0293726039429506,-0.015111186950392,-0.0189012756904931,1.734268e-08,0.0925985637222054,-0.119535925719484
0.078307,0.77956748,-0.21401756,0.18356572,-0.0774132013320923,-0.0117776574204779,-0.0239341023656847,-0.0263750917271898,3.3794159e-08,0.0080098789291118,-1.03356686252794
-0.007442,0.89436746,0.20642874,-0.072673641,-0.0395537689328194,0.0210858171598779,-0.0136157488780153,-0.018347784506294,1.3898196e-08,0.1131964733951338,-0.885952219639678
0.061277,0.92422903,0.3387242,0.24676986,-0.0669767707586288,0.0323428703058097,-0.0295035081630229,-0.029895180291389,4.5843883e-08,0.0271434471942484,-0.411509369741316
0.103742,0.73939455,-0.0294891,0.0093671251,-0.0877021551132202,-0.0147062728388442,-0.0273155656300898,-0.029711631150778,1.3973574e-08,0.0536890334271247,-1.16107479267811
-0.031362,0.93426257,0.11195818,0.01671716,-0.0187362320721149,0.0160011607222259,-0.0094766134963308,-0.009000093764137,3.4584456e-08,-0.0229935848930512,-0.0214889363304953
0.209195,0.77420586,-0.26404396,0.29512459,-0.0920526385307312,0.0009388402104378,-0.0234426969695576,-0.0354093338070478,6.1046261e-09,-0.0161337741922277,-1.97907768948698
0.1409679999999999,0.89741814,-0.028686617,0.09434671,-0.0529102608561516,0.049682709052124,-0.0222706846731346,-0.0251842200396383,4.0260493e-09,0.0951481851571436,-0.0839736444571993
0.3397779999999999,1.0481336,0.1322902,0.81735152,-0.0926365479826927,0.116756341523594,-0.0398666953878647,-0.0544722349501893,9.6376205e-09,0.0626533213071525,-0.0610381943039749
0.055816,0.85846996,0.05535838,0.28844982,-0.0831099003553391,0.0730142845875687,-0.039281850487466,-0.0327177573876272,1.7208864e-08,0.0430865678966712,0.628455730802627
0.145564,1.1051345,0.25294876,0.21519023,-0.0784435123205185,0.0414076477754861,-0.0207903684135136,-0.0165534464407211,1.5483565e-08,0.0274138255977022,-1.90420959145692
-0.0103019999999999,0.94483876,0.01622038,0.046943359,-0.0188337154686451,0.0020274698520855,-0.0092341388162125,-0.0096401923566024,3.7771741e-08,0.1206509188685673,-0.108206575528645
0.052253,1.0285926,0.44478536,0.2939561,-0.0381139889359474,0.0526588330459264,-0.0141023725529866,-0.017079156505362,1.2296755e-08,-0.0033632813262385,-0.394551192926224
-0.023326,0.88909096,0.88567847,0.57668066,-0.0533807836472988,0.107722439285782,-0.0295291354956779,-0.0299938308587173,6.7386492e-09,0.1104363959924288,0.455478062029307
-0.192072,0.64827585,0.18622452,0.50485444,-0.0715789794921875,0.0855781290059288,-0.049647944278084,-0.0363756768834765,6.0934155e-09,0.0490221912586086,2.21876559551642
0.039048,0.72412461,-0.18563671,0.019819463,-0.0189415123313665,0.0002065129681594,-0.0092213417678499,-0.0176845473550161,9.8946042e-09,0.0143749069583029,-0.266828150815854
0.015513,0.83006859,-0.14373714,0.1053678,-0.0231043435633182,0.0212495729016761,-0.0127940988589577,-0.0208489857748679,2.5860443e-08,0.1640222570542592,-0.193797754383248
0.099743,1.0086062,0.12170859,0.10969613,-0.0383402556180954,0.0496619841497805,-0.0179584460820783,-0.0197448304310231,1.0608311e-08,0.1532076047439637,-0.526383080848759
0.049666,0.96932739,0.44578138,0.034965515,-0.102008298039436,0.0551866874512699,-0.0331327072333241,-0.0198501417106419,1.031221e-08,0.0355752406426039,-0.394286180725561
0.205251,1.049262,0.83757675,0.29637656,-0.0555791035294533,0.09134356967277,-0.0276878240684088,-0.0277408439717566,6.1758421e-09,-0.0078833094977115,-0.292015311266188
-0.001921,0.81388265,0.0021049515,0.14453098,-0.0190463326871395,0.0092504141438338,-0.0094611373800895,-0.0112977060248874,3.4897834e-08,0.048632763170455,-0.515244253486458
0.10153,0.94057292,0.34024549,0.19736047,-0.128847122192383,0.0303463603680332,-0.0360147387251767,-0.025967670187477,0.16666673,0.0994662390090525,-2.20786324809214
0.020739,0.84424776,0.15880887,0.86055779,-0.130063995718956,0.0727153446835776,-0.0538535538994677,-0.0516085904468329,2.2705668e-08,0.0756418338707207,0.139378510471532
0.04885,0.2975162,-0.69187313,-0.0094339941,-0.0715667083859444,-0.0356096310747994,-0.0326772276272821,-0.0359210189145543,6.8598607e-09,0.0984380815902518,-0.339624277257303
0.07088,0.81746721,-0.060231373,0.45369327,-0.0499468930065632,0.0421136408630345,-0.0206952254262442,-0.0246764601649572,4.5521499e-08,0.0468810069529961,-0.344740766439806
-0.004775,0.90458447,0.5986836,0.15805274,-0.0324575938284397,0.035604515367595,-0.011348795236241,-0.01251182149826,1.7673177e-08,-0.047195134942445,-1.25751159670985
0.302487,1.2597222,0.83157897,0.24241339,-0.0939086005091667,0.0536019396450785,-0.0353722920480348,-0.034197080992976,2.0873744e-08,0.0271434471942484,-0.618337691723598
0.054561,0.97384751,0.028155155,0.11926552,-0.0285385008901358,0.0217900956631638,-0.0122564768468754,-0.0121916490948677,2.93804e-08,0.0536890334271247,-0.576233602433669
-0.0938509999999999,0.90131575,0.22215308,0.41294965,-0.0167223643511534,0.0273400388865007,-0.0121335125322049,-0.0177830550365161,1.0137e-08,-0.0118236204551067,0.0329444965428519
0.390381,0.74189603,-0.33637747,-0.041758258,-0.134000018239021,-0.0081536958201064,-0.0510461709011448,-0.0354586982204874,2.7320764e-08,0.0994662390090525,-0.302032781890085
